  295.67,  976.67
  295.94,  976.67
  296.21,  976.67
  296.48,  969.67
  296.75, 1086.00
  297.02, 1354.00
  297.28, 1497.33
  297.55, 1765.00
  297.82, 1670.67
  298.09, 1289.67
  298.36, 1422.33
  298.63, 1671.33
  298.89, 1526.00
  299.16, 1356.00
  299.43, 1463.67
  299.70, 1657.33
  299.97, 1479.33
  300.23, 1279.33
  300.50, 1423.33
  300.77, 1726.00
  301.04, 1601.67
  301.31, 1355.33
  301.58, 1409.67
  301.84, 1756.67
  302.11, 1678.67
  302.38, 1381.67
  302.65, 1524.33
  302.92, 1818.00
  303.19, 1635.00
  303.45, 1404.33
  303.72, 1323.33
  303.99, 1535.33
  304.26, 1470.67
  304.53, 1342.33
  304.79, 1522.33
  305.06, 1707.67
  305.33, 1610.33
  305.60, 1427.00
  305.87, 1513.67
  306.13, 1670.33
  306.40, 1523.33
  306.67, 1400.00
  306.94, 1504.33
  307.21, 1630.00
  307.48, 1560.00
  307.74, 1406.67
  308.01, 1402.33
  308.28, 1655.00
  308.55, 1641.67
  308.82, 1462.00
  309.08, 1469.33
  309.35, 1804.00
  309.62, 1551.67
  309.89, 1301.33
  310.16, 1373.33
  310.42, 1525.00
  310.69, 1438.00
  310.96, 1222.67
  311.23, 1353.33
  311.50, 1695.67
  311.76, 1591.67
  312.03, 1368.00
  312.30, 1469.00
  312.57, 1635.67
  312.84, 1465.33
  313.10, 1236.67
  313.37, 1407.00
  313.64, 1681.33
  313.91, 1741.33
  314.18, 1356.33
  314.44, 1475.33
  314.71, 1609.33
  314.98, 1530.67
  315.25, 1318.00
  315.52, 1525.33
  315.78, 1722.67
  316.05, 1527.67
  316.32, 1308.00
  316.59, 1369.00
  316.85, 1642.00
  317.12, 1500.33
  317.39, 1293.67
  317.66, 1338.00
  317.93, 1653.33
  318.19, 1589.33
  318.46, 1330.67
  318.73, 1335.67
  319.00, 1548.00
  319.26, 1541.00
  319.53, 1343.67
  319.80, 1480.67
  320.07, 1741.00
  320.34, 1653.67
  320.60, 1295.67
  320.87, 1384.00
  321.14, 1626.67
  321.41, 1563.67
  321.67, 1387.67
  321.94, 1477.00
  322.21, 1630.00
  322.48, 1616.33
  322.75, 1495.00
  323.01, 1558.67
  323.28, 1680.67
  323.55, 1604.00
  323.82, 1315.67
  324.08, 1496.67
  324.35, 1600.67
  324.62, 1526.00
  324.89, 1317.67
  325.15, 1350.33
  325.42, 1610.00
  325.69, 1683.33
  325.96, 1461.00
  326.23, 1598.00
  326.49, 1847.33
  326.76, 1680.67
  327.03, 1391.33
  327.30, 1564.00
  327.56, 1852.33
  327.83, 1625.00
  328.10, 1352.67
  328.37, 1496.67
  328.63, 1665.33
  328.90, 1565.67
  329.17, 1306.33
  329.44, 1461.67
  329.70, 1692.67
  329.97, 1543.67
  330.24, 1355.67
  330.51, 1455.33
  330.77, 1626.00
  331.04, 1516.67
  331.31, 1262.33
  331.58, 1436.33
  331.84, 1634.33
  332.11, 1664.33
  332.38, 1373.67
  332.65, 1437.67
  332.91, 1608.00
  333.18, 1534.33
  333.45, 1288.67
  333.72, 1435.00
  333.98, 1607.67
  334.25, 1514.00
  334.52, 1333.67
  334.79, 1387.33
  335.05, 1620.33
  335.32, 1514.00
  335.59, 1342.00
  335.86, 1407.33
  336.12, 1651.33
  336.39, 1541.33
  336.66, 1420.33
  336.93, 1518.67
  337.19, 1611.33
  337.46, 1503.33
  337.73, 1381.00
  337.99, 1464.67
  338.26, 1654.00
  338.53, 1595.00
  338.80, 1356.00
  339.06, 1378.33
  339.33, 1629.00
  339.60, 1547.00
  339.87, 1287.67
  340.13, 1373.67
  340.40, 1622.67
  340.67, 1503.00
  340.93, 1264.67
  341.20, 1340.00
  341.47, 1690.67
  341.74, 1810.00
  342.00, 1668.67
  342.27, 1419.33
  342.54, 1639.67
  342.81, 1518.33
  343.07, 1350.00
  343.34, 1585.33
  343.61, 1746.33
  343.87, 1551.33
  344.14, 1493.33
  344.41, 1381.67
  344.68, 1569.67
  344.94, 1503.33
  345.21, 1285.00
  345.48, 1365.33
  345.74, 1630.00
  346.01, 1485.33
  346.28, 1350.67
  346.55, 1457.33
  346.81, 1736.33
  347.08, 1538.33
  347.35, 1290.67
  347.61, 1408.33
  347.88, 1629.67
  348.15, 1561.00
  348.42, 1363.67
  348.68, 1515.33
  348.95, 1587.00
  349.22, 1475.67
  349.48, 1226.33
  349.75, 1300.67
  350.02, 1567.33
  350.28, 1606.67
  350.55, 1416.67
  350.82, 1469.67
  351.09, 1599.33
  351.35, 1569.67
  351.62, 1392.33
  351.89, 1387.33
  352.15, 1668.67
  352.42, 1686.00
  352.69, 1437.00
  352.95, 1511.33
  353.22, 1601.00
  353.49, 1578.67
  353.76, 1308.00
  354.02, 1493.67
  354.29, 1624.00
  354.56, 1600.67
  354.82, 1411.67
  355.09, 1345.33
  355.36, 1659.00
  355.62, 1621.33
  355.89, 1329.67
  356.16, 1397.33
  356.42, 1702.00
  356.69, 1568.33
  356.96, 1417.33
  357.22, 1504.67
  357.49, 1684.67
  357.76, 1557.00
  358.03, 1254.00
  358.29, 1364.33
  358.56, 1602.67
  358.83, 1579.00
  359.09, 1292.00
  359.36, 1449.67
  359.63, 1644.33
  359.89, 1450.67
  360.16, 1299.33
  360.43, 1430.67
  360.69, 1638.67
  360.96, 1516.00
  361.23, 1330.67
  361.49, 1496.33
  361.76, 1667.67
  362.03, 1566.67
  362.29, 1335.33
  362.56, 1462.67
  362.83, 1601.67
  363.09, 1476.00
  363.36, 1318.67
  363.63, 1396.00
  363.89, 1591.33
  364.16, 1564.67
  364.43, 1251.67
  364.69, 1324.33
  364.96, 1596.67
  365.23, 1490.33
  365.49, 1286.33
  365.76, 1419.33
  366.03, 1582.33
  366.29, 1523.33
  366.56, 1337.67
  366.83, 1425.33
  367.09, 1643.33
  367.36, 1513.67
  367.63, 1291.00
  367.89, 1440.67
  368.16, 1684.33
  368.43, 1574.33
  368.69, 1352.33
  368.96, 1405.33
  369.23, 1608.00
  369.49, 1546.00
  369.76, 1297.00
  370.03, 1391.00
  370.29, 1717.00
  370.56, 1546.00
  370.82, 1338.33
  371.09, 1407.00
  371.36, 1693.00
  371.62, 1611.33
  371.89, 1365.67
  372.16, 1403.00
  372.42, 1798.33
  372.69, 1698.33
  372.96, 1302.33
  373.22, 1340.00
  373.49, 1584.67
  373.76, 1518.00
  374.02, 1304.00
  374.29, 1375.00
  374.55, 1654.33
  374.82, 1577.00
  375.09, 1327.00
  375.35, 1402.00
  375.62, 1608.00
  375.89, 1565.67
  376.15, 1364.33
  376.42, 1332.00
  376.69, 1540.00
  376.95, 1491.00
  377.22, 1347.00
  377.48, 1413.67
  377.75, 1610.33
  378.02, 1467.67
  378.28, 1285.33
  378.55, 1521.67
  378.82, 1822.67
  379.08, 1552.67
  379.35, 1324.33
  379.62, 1458.33
  379.88, 1638.67
  380.15, 1583.67
  380.41, 1398.67
  380.68, 1430.33
  380.95, 1653.00
  381.21, 1592.33
  381.48, 1260.00
  381.74, 1455.33
  382.01, 1647.67
  382.28, 1426.00
  382.54, 1204.67
  382.81, 1307.33
  383.08, 1599.33
  383.34, 1511.33
  383.61, 1337.00
  383.87, 1451.33
  384.14, 1629.00
  384.41, 1475.00
  384.67, 1316.33
  384.94, 1459.67
  385.21, 1610.67
  385.47, 1485.00
  385.74, 1251.00
  386.00, 1456.00
  386.27, 1662.00
  386.54, 1533.67
  386.80, 1399.67
  387.07, 1422.33
  387.33, 1662.00
  387.60, 1548.00
  387.87, 1321.00
  388.13, 1501.00
  388.40, 1565.33
  388.66, 1720.67
  388.93, 1836.33
  389.20, 1418.33
  389.46, 1660.67
  389.73, 1497.00
  389.99, 1327.67
  390.26, 1505.00
  390.53, 1720.33
  390.79, 1687.67
  391.06, 1501.67
  391.32, 1494.00
  391.59, 1640.67
  391.86, 1608.67
  392.12, 1374.67
  392.39, 1536.33
  392.65, 1615.33
  392.92, 1574.00
  393.19, 1405.00
  393.45, 1571.67
  393.72, 1643.33
  393.98, 1577.33
  394.25, 1298.33
  394.52, 1486.67
  394.78, 1710.33
  395.05, 1587.00
  395.31, 1327.00
  395.58, 1429.67
  395.84, 1695.00
  396.11, 1575.67
  396.38, 1386.67
  396.64, 1380.67
  396.91, 1601.67
  397.17, 1607.67
  397.44, 1334.67
  397.71, 1351.67
  397.97, 1551.67
  398.24, 1573.67
  398.50, 1346.00
  398.77, 1397.33
  399.03, 1637.33
  399.30, 1573.67
  399.57, 1410.00
  399.83, 1394.33
  400.10, 1655.33
  400.36, 1521.00
  400.63, 1367.67
  400.89, 1430.00
  401.16, 1728.67
  401.43, 1614.00
  401.69, 1382.00
  401.96, 1446.67
  402.22, 1575.33
  402.49, 1504.67
  402.75, 1253.33
  403.02, 1362.67
  403.29, 1705.00
  403.55, 1582.00
  403.82, 1359.33
  404.08, 1442.33
  404.35, 1553.67
  404.61, 1540.00
  404.88, 1342.00
  405.14, 1438.67
  405.41, 1714.33
  405.68, 1624.67
  405.94, 1402.00
  406.21, 1349.00
  406.47, 1612.00
  406.74, 1582.67
  407.00, 1365.00
  407.27, 1431.67
  407.53, 1674.67
  407.80, 1660.33
  408.07, 1312.33
  408.33, 1454.33
  408.60, 1693.67
  408.86, 1525.33
  409.13, 1351.00
  409.39, 1492.33
  409.66, 1659.00
  409.92, 1529.00
  410.19, 1268.67
  410.46, 1423.00
  410.72, 1573.00
  410.99, 1461.33
  411.25, 1269.00
  411.52, 1356.67
  411.78, 1652.67
  412.05, 1695.00
  412.31, 1422.00
  412.58, 1368.00
  412.84, 1610.00
  413.11, 1642.67
  413.37, 1462.00
  413.64, 1433.33
  413.91, 1601.67
  414.17, 1520.00
  414.44, 1259.00
  414.70, 1333.67
  414.97, 1458.33
  415.23, 1467.67
  415.50, 1332.00
  415.76, 1423.00
  416.03, 1640.67
  416.29, 1550.00
  416.56, 1364.67
  416.82, 1484.00
  417.09, 1742.00
  417.35, 1614.00
  417.62, 1260.00
  417.89, 1396.00
  418.15, 1614.33
  418.42, 1559.67
  418.68, 1390.00
  418.95, 1472.33
  419.21, 1605.67
  419.48, 1425.33
  419.74, 1225.67
  420.01, 1379.00
  420.27, 1552.00
  420.54, 1584.33
  420.80, 1453.67
  421.07, 1585.00
  421.33, 1796.67
  421.60, 1518.00
  421.86, 1280.67
  422.13, 1453.67
  422.39, 1684.00
  422.66, 1537.67
  422.92, 1339.00
  423.19, 1475.33
  423.45, 1731.00
  423.72, 1625.67
  423.98, 1392.00
  424.25, 1450.67
  424.51, 1775.67
  424.78, 1641.67
  425.04, 1383.33
  425.31, 1486.00
  425.58, 1567.33
  425.84, 1552.00
  426.11, 1274.33
  426.37, 1376.67
  426.64, 1688.33
  426.90, 1638.00
  427.17, 1311.33
  427.43, 1323.33
  427.70, 1633.00
  427.96, 1598.00
  428.23, 1443.67
  428.49, 1514.00
  428.76, 1531.00
  429.02, 1510.33
  429.29, 1322.67
  429.55, 1396.67
  429.82, 1633.33
  430.08, 1671.33
  430.34, 1451.33
  430.61, 1515.33
  430.87, 1723.33
  431.14, 1453.00
  431.40, 1263.67
  431.67, 1501.67
  431.93, 1669.67
  432.20, 1546.67
  432.46, 1342.67
  432.73, 1436.67
  432.99, 1734.67
  433.26, 1609.67
  433.52, 1427.33
  433.79, 1617.67
  434.05, 1645.67
  434.32, 1503.00
  434.58, 1338.67
  434.85, 1416.00
  435.11, 1689.67
  435.38, 1514.00
  435.64, 1318.67
  435.91, 1516.33
  436.17, 1736.00
  436.44, 1524.33
  436.70, 1415.00
  436.97, 1468.33
  437.23, 1694.00
  437.50, 1627.33
  437.76, 1365.33
  438.02, 1405.33
  438.29, 1589.00
  438.55, 1559.67
  438.82, 1318.00
  439.08, 1318.00
  439.35, 1635.00
  439.61, 1611.00
  439.88, 1300.67
  440.14, 1351.67
  440.41, 1643.33
  440.67, 1568.33
  440.94, 1342.67
  441.20, 1535.67
  441.47, 1690.67
  441.73, 1543.67
  441.99, 1357.00
  442.26, 1432.00
  442.52, 1656.33
  442.79, 1613.33
  443.05, 1292.33
  443.32, 1273.33
  443.58, 1546.67
  443.85, 1481.67
  444.11, 1238.00
  444.38, 1402.00
  444.64, 1722.67
  444.91, 1589.67
  445.17, 1311.33
  445.43, 1403.00
  445.70, 1564.00
  445.96, 1460.33
  446.23, 1283.67
  446.49, 1364.00
  446.76, 1629.67
  447.02, 1633.00
  447.29, 1385.00
  447.55, 1398.67
  447.81, 1650.00
  448.08, 1529.00
  448.34, 1357.67
  448.61, 1395.00
  448.87, 1653.67
  449.14, 1550.00
  449.40, 1309.67
  449.67, 1466.67
  449.93, 1674.67
  450.19, 1557.67
  450.46, 1435.00
  450.72, 1522.33
  450.99, 1703.33
  451.25, 1551.67
  451.52, 1290.33
  451.78, 1407.67
  452.05, 1632.67
  452.31, 1473.67
  452.57, 1325.00
  452.84, 1379.33
  453.10, 1537.67
  453.37, 1400.33
  453.63, 1190.67
  453.90, 1340.33
  454.16, 1705.00
  454.42, 1501.67
  454.69, 1278.67
  454.95, 1355.67
  455.22, 1538.00
  455.48, 1531.67
  455.75, 1334.00
  456.01, 1312.67
  456.27, 1616.00
  456.54, 1652.33
  456.80, 1423.33
  457.07, 1439.33
  457.33, 1535.00
  457.59, 1460.33
  457.86, 1384.33
  458.12, 1485.00
  458.39, 1635.00
  458.65, 1547.00
  458.92, 1402.33
  459.18, 1511.33
  459.44, 1673.33
  459.71, 1609.33
  459.97, 1312.67
  460.24, 1289.00
  460.50, 1552.00
  460.76, 1496.33
  461.03, 1454.00
  461.29, 1563.00
  461.56, 1582.33
  461.82, 1490.67
  462.09, 1346.67
  462.35, 1406.33
  462.61, 1664.00
  462.88, 1692.00
  463.14, 1273.67
  463.41, 1309.33
  463.67, 1546.00
  463.93, 1602.67
  464.20, 1369.33
  464.46, 1451.00
  464.73, 1627.67
  464.99, 1440.00
  465.25, 1196.67
  465.52, 1372.67
  465.78, 1695.00
  466.05, 1686.33
  466.31, 1432.33
  466.57, 1362.00
  466.84, 1629.00
  467.10, 1532.67
  467.37, 1265.00
  467.63, 1439.33
  467.89, 1672.33
  468.16, 1544.67
  468.42, 1384.33
  468.68, 1392.33
  468.95, 1665.33
  469.21, 1652.33
  469.48, 1325.67
  469.74, 1333.33
  470.00, 1473.67
  470.27, 1434.33
  470.53, 1299.67
  470.80, 1403.67
  471.06, 1606.00
  471.32, 1564.00
  471.59, 1312.33
  471.85, 1403.67
  472.11, 1531.00
  472.38, 1589.33
  472.64, 1456.67
  472.91, 1467.67
  473.17, 1681.33
  473.43, 1577.00
  473.70, 1536.33
  473.96, 1714.67
  474.22, 1684.00
  474.49, 1690.00
  474.75, 1450.67
  475.02, 1411.67
  475.28, 1643.33
  475.54, 1703.67
  475.81, 1381.00
  476.07, 1417.33
  476.33, 1591.33
  476.60, 1554.33
  476.86, 1333.00
  477.13, 1376.00
  477.39, 1611.33
  477.65, 1471.00
  477.92, 1301.67
  478.18, 1375.00
  478.44, 1579.33
  478.71, 1578.00
  478.97, 1296.00
  479.23, 1414.67
  479.50, 1577.67
  479.76, 1420.67
  480.03, 1327.00
  480.29, 1551.67
  480.55, 1714.00
  480.82, 1674.67
  481.08, 1370.33
  481.34, 1378.00
  481.61, 1584.67
  481.87, 1502.67
  482.13, 1321.67
  482.40, 1507.00
  482.66, 1640.67
  482.92, 1486.67
  483.19, 1478.67
  483.45, 1505.67
  483.71, 1596.67
  483.98, 1581.33
  484.24, 1317.33
  484.51, 1393.00
  484.77, 1664.33
  485.03, 1565.00
  485.30, 1310.00
  485.56, 1406.00
  485.82, 1652.67
  486.09, 1554.67
  486.35, 1264.00
  486.61, 1387.67
  486.88, 1561.00
  487.14, 1525.00
  487.40, 1244.67
  487.67, 1427.67
  487.93, 1787.33
  488.19, 1577.00
  488.46, 1328.67
  488.72, 1527.33
  488.98, 1709.67
  489.25, 1598.67
  489.51, 1326.00
  489.77, 1405.33
  490.04, 1663.33
  490.30, 1543.33
  490.56, 1342.00
  490.83, 1495.67
  491.09, 1567.00
  491.35, 1468.33
  491.62, 1325.67
  491.88, 1386.33
  492.14, 1598.33
  492.41, 1510.67
  492.67, 1313.33
  492.93, 1396.33
  493.20, 1672.67
  493.46, 1782.00
  493.72, 1388.67
  493.98, 1386.67
  494.25, 1714.67
  494.51, 1529.33
  494.77, 1331.67
  495.04, 1324.33
  495.30, 1640.00
  495.56, 1518.67
  495.83, 1280.33
  496.09, 1295.00
  496.35, 1504.67
  496.62, 1501.33
  496.88, 1277.67
  497.14, 1362.67
  497.41, 1608.00
  497.67, 1459.00
  497.93, 1282.00
  498.19, 1513.67
  498.46, 1649.00
  498.72, 1572.00
  498.98, 1351.00
  499.25, 1376.00
  499.51, 1638.33
  499.77, 1563.00
  500.04, 1323.33
  500.30, 1359.00
  500.56, 1627.33
  500.83, 1556.67
  501.09, 1217.00
  501.35, 1325.00
  501.61, 1590.33
  501.88, 1504.67
  502.14, 1274.67
  502.40, 1414.33
  502.67, 1710.33
  502.93, 1531.33
  503.19, 1298.00
  503.45, 1376.00
  503.72, 1610.33
  503.98, 1543.33
  504.24, 1302.00
  504.51, 1357.67
  504.77, 1603.67
  505.03, 1591.33
  505.30, 1294.67
  505.56, 1316.67
  505.82, 1487.33
  506.08, 1493.33
  506.35, 1373.67
  506.61, 1500.67
  506.87, 1657.33
  507.14, 1477.67
  507.40, 1283.00
  507.66, 1394.33
  507.92, 1591.67
  508.19, 1527.00
  508.45, 1378.67
  508.71, 1330.67
  508.97, 1605.67
  509.24, 1484.00
  509.50, 1363.00
  509.76, 1396.00
  510.03, 1690.33
  510.29, 1522.67
  510.55, 1269.33
  510.81, 1425.00
  511.08, 1543.67
  511.34, 1517.67
  511.60, 1400.33
  511.86, 1449.67
  512.13, 1574.33
  512.39, 1520.00
  512.65, 1328.33
  512.92, 1356.67
  513.18, 1513.67
  513.44, 1450.00
  513.70, 1267.33
  513.97, 1382.67
  514.23, 1585.00
  514.49, 1522.67
  514.75, 1264.67
  515.02, 1415.67
  515.28, 1626.00
  515.54, 1504.33
  515.80, 1293.33
  516.07, 1338.33
  516.33, 1525.00
  516.59, 1506.33
  516.85, 1305.67
  517.12, 1458.67
  517.38, 1658.67
  517.64, 1546.67
  517.90, 1297.33
  518.17, 1418.33
  518.43, 1546.33
  518.69, 1442.67
  518.95, 1226.00
  519.22, 1436.67
  519.48, 1587.67
  519.74, 1499.00
  520.00, 1229.67
  520.27, 1310.00
  520.53, 1576.33
  520.79, 1543.67
  521.05, 1408.00
  521.32, 1541.33
  521.58, 1598.33
  521.84, 1473.33
  522.10, 1296.33
  522.37, 1460.33
  522.63, 1702.00
  522.89, 1498.33
  523.15, 1412.33
  523.42, 1519.00
  523.68, 1588.33
  523.94, 1564.67
  524.20, 1381.67
  524.47, 1499.00
  524.73, 1622.00
  524.99, 1429.67
  525.25, 1270.33
  525.51, 1407.33
  525.78, 1665.33
  526.04, 1537.33
  526.30, 1336.00
  526.56, 1412.00
  526.83, 1562.33
  527.09, 1452.33
  527.35, 1260.67
  527.61, 1263.00
  527.87, 1457.00
  528.14, 1404.00
  528.40, 1293.67
  528.66, 1513.33
  528.92, 1633.33
  529.19, 1585.67
  529.45, 1319.67
  529.71, 1297.00
  529.97, 1565.67
  530.23, 1495.33
  530.50, 1323.33
  530.76, 1428.00
  531.02, 1607.67
  531.28, 1498.00
  531.55, 1351.67
  531.81, 1504.00
  532.07, 1585.33
  532.33, 1399.33
  532.59, 1277.67
  532.86, 1298.33
  533.12, 1524.67
  533.38, 1438.00
  533.64, 1287.67
  533.90, 1394.33
  534.17, 1768.33
  534.43, 1642.00
  534.69, 1360.67
  534.95, 1418.33
  535.21, 1650.33
  535.48, 1570.33
  535.74, 1318.00
  536.00, 1509.67
  536.26, 1736.67
  536.52, 1501.33
  536.79, 1281.00
  537.05, 1349.00
  537.31, 1557.00
  537.57, 1513.33
  537.83, 1339.33
  538.10, 1306.00
  538.36, 1515.00
  538.62, 1608.00
  538.88, 1530.67
  539.14, 1552.33
  539.41, 1749.67
  539.67, 1537.67
  539.93, 1347.00
  540.19, 1438.67
  540.45, 1598.33
  540.72, 1450.67
  540.98, 1293.00
  541.24, 1435.00
  541.50, 1676.00
  541.76, 1500.33
  542.02, 1362.00
  542.29, 1388.67
  542.55, 1574.67
  542.81, 1597.00
  543.07, 1455.33
  543.33, 1660.00
  543.60, 1700.33
  543.86, 1544.00
  544.12, 1440.33
  544.38, 1336.67
  544.64, 1505.67
  544.90, 1581.00
  545.17, 1306.67
  545.43, 1379.00
  545.69, 1575.33
  545.95, 1670.00
  546.21, 1417.33
  546.47, 1427.33
  546.74, 1549.67
  547.00, 1434.33
  547.26, 1284.00
  547.52, 1426.00
  547.78, 1651.67
  548.04, 1481.67
  548.31, 1386.67
  548.57, 1440.00
  548.83, 1652.00
  549.09, 1529.67
  549.35, 1303.67
  549.61, 1375.67
  549.88, 1547.00
  550.14, 1404.33
  550.40, 1263.00
  550.66, 1325.00
  550.92, 1545.67
  551.18, 1516.67
  551.45, 1320.00
  551.71, 1316.33
  551.97, 1471.33
  552.23, 1442.00
  552.49, 1263.00
  552.75, 1393.00
  553.01, 1569.33
  553.28, 1483.00
  553.54, 1329.33
  553.80, 1443.00
  554.06, 1611.67
  554.32, 1539.00
  554.58, 1358.00
  554.85, 1440.33
  555.11, 1767.67
  555.37, 1590.00
  555.63, 1329.00
  555.89, 1334.33
  556.15, 1629.33
  556.41, 1668.67
  556.68, 1315.00
  556.94, 1269.33
  557.20, 1467.67
  557.46, 1558.67
  557.72, 1453.00
  557.98, 1414.00
  558.24, 1561.33
  558.51, 1488.33
  558.77, 1293.67
  559.03, 1347.33
  559.29, 1496.00
  559.55, 1466.33
  559.81, 1222.67
  560.07, 1351.00
  560.33, 1558.33
  560.60, 1468.00
  560.86, 1330.00
  561.12, 1324.67
  561.38, 1537.00
  561.64, 1477.67
  561.90, 1243.33
  562.16, 1371.67
  562.42, 1580.00
  562.69, 1454.33
  562.95, 1290.33
  563.21, 1349.33
  563.47, 1503.00
  563.73, 1434.00
  563.99, 1263.00
  564.25, 1407.00
  564.51, 1619.00
  564.78, 1510.33
  565.04, 1432.00
  565.30, 1392.33
  565.56, 1640.33
  565.82, 1652.33
  566.08, 1322.67
  566.34, 1403.00
  566.60, 1618.00
  566.86, 1485.67
  567.13, 1368.67
  567.39, 1413.67
  567.65, 1540.00
  567.91, 1541.33
  568.17, 1311.33
  568.43, 1479.33
  568.69, 1819.67
  568.95, 1613.67
  569.21, 1325.33
  569.48, 1487.33
  569.74, 1730.33
  570.00, 1538.33
  570.26, 1307.33
  570.52, 1449.67
  570.78, 1521.00
  571.04, 1587.33
  571.30, 1485.33
  571.56, 1437.33
  571.82, 1504.00
  572.09, 1426.67
  572.35, 1350.00
  572.61, 1496.33
  572.87, 1633.33
  573.13, 1473.00
  573.39, 1243.00
  573.65, 1391.00
  573.91, 1618.00
  574.17, 1564.33
  574.43, 1295.00
  574.69, 1433.67
  574.96, 1549.00
  575.22, 1525.67
  575.48, 1296.33
  575.74, 1315.67
  576.00, 1522.67
  576.26, 1563.00
  576.52, 1279.67
  576.78, 1342.00
  577.04, 1543.67
  577.30, 1430.33
  577.56, 1240.00
  577.82, 1354.00
  578.09, 1538.33
  578.35, 1451.33
  578.61, 1240.67
  578.87, 1368.33
  579.13, 1507.00
  579.39, 1511.00
  579.65, 1341.67
  579.91, 1342.33
  580.17, 1512.67
  580.43, 1472.67
  580.69, 1355.33
  580.95, 1443.33
  581.21, 1564.67
  581.47, 1431.67
  581.74, 1213.00
  582.00, 1339.00
  582.26, 1572.67
  582.52, 1456.00
  582.78, 1332.33
  583.04, 1460.00
  583.30, 1551.00
  583.56, 1455.67
  583.82, 1363.00
  584.08, 1458.00
  584.34, 1620.67
  584.60, 1551.33
  584.86, 1382.33
  585.12, 1354.00
  585.38, 1530.33
  585.64, 1534.33
  585.91, 1374.67
  586.17, 1431.33
  586.43, 1660.67
  586.69, 1703.00
  586.95, 1355.67
  587.21, 1319.67
  587.47, 1523.00
  587.73, 1640.33
  587.99, 1469.00
  588.25, 1582.67
  588.51, 1617.33
  588.77, 1542.33
  589.03, 1344.67
  589.29, 1327.67
  589.55, 1515.33
  589.81, 1495.33
  590.07, 1231.67
  590.33, 1378.00
  590.59, 1639.00
  590.85, 1550.33
  591.11, 1290.33
  591.37, 1430.33
  591.64, 1607.00
  591.90, 1544.00
  592.16, 1272.67
  592.42, 1343.67
  592.68, 1572.00
  592.94, 1459.67
  593.20, 1261.67
  593.46, 1317.67
  593.72, 1526.67
  593.98, 1470.33
  594.24, 1256.33
  594.50, 1353.33
  594.76, 1616.00
  595.02, 1507.67
  595.28, 1414.67
  595.54, 1472.67
  595.80, 1616.67
  596.06, 1428.33
  596.32, 1294.33
  596.58, 1394.33
  596.84, 1624.33
  597.10, 1619.67
  597.36, 1369.67
  597.62, 1438.00
  597.88, 1582.33
  598.14, 1610.00
  598.40, 1431.33
  598.66, 1468.67
  598.92, 1640.67
  599.18, 1468.00
  599.44, 1269.33
  599.70, 1485.00
  599.96, 1942.33
  600.22, 1493.67
  600.48, 1328.33
  600.74, 1395.67
  601.00, 1491.67
  601.26, 1596.67
  601.52, 1453.00
  601.78, 1423.00
  602.04, 1626.67
  602.30, 1588.33
  602.56, 1460.67
  602.82, 1482.67
  603.08, 1615.67
  603.34, 1470.67
  603.60, 1220.00
  603.86, 1327.33
  604.12, 1586.67
  604.38, 1528.33
  604.64, 1283.33
  604.90, 1403.00
  605.16, 1637.67
  605.42, 1558.33
  605.68, 1384.00
  605.94, 1408.33
  606.20, 1568.00
  606.46, 1510.33
  606.72, 1326.67
  606.98, 1311.00
  607.24, 1524.67
  607.50, 1535.67
  607.76, 1279.00
  608.02, 1345.33
  608.28, 1522.00
  608.54, 1418.33
  608.80, 1250.00
  609.06, 1343.33
  609.32, 1585.00
  609.58, 1530.67
  609.84, 1315.33
  610.10, 1352.67
  610.36, 1586.67
  610.62, 1548.33
  610.88, 1230.00
  611.14, 1261.67
  611.40, 1486.67
  611.66, 1501.33
  611.92, 1331.67
  612.18, 1321.33
  612.44, 1534.00
  612.70, 1511.00
  612.96, 1409.67
  613.22, 1384.00
  613.48, 1520.67
  613.74, 1424.67
  614.00, 1260.67
  614.26, 1345.00
  614.52, 1556.67
  614.78, 1476.33
  615.04, 1331.67
  615.30, 1431.33
  615.56, 1529.33
  615.82, 1472.00
  616.08, 1339.67
  616.34, 1392.00
  616.60, 1573.33
  616.86, 1514.67
  617.12, 1337.67
  617.37, 1319.67
  617.63, 1512.00
  617.89, 1549.00
  618.15, 1380.00
  618.41, 1330.00
  618.67, 1504.67
  618.93, 1560.33
  619.19, 1396.67
  619.45, 1390.67
  619.71, 1583.67
  619.97, 1479.00
  620.23, 1369.67
  620.49, 1442.00
  620.75, 1534.67
  621.01, 1523.67
  621.27, 1363.67
  621.53, 1421.33
  621.79, 1452.00
  622.05, 1440.67
  622.31, 1266.00
  622.57, 1291.00
  622.82, 1477.67
  623.08, 1425.33
  623.34, 1231.33
  623.60, 1296.67
  623.86, 1552.33
  624.12, 1479.00
  624.38, 1348.67
  624.64, 1378.00
  624.90, 1523.33
  625.16, 1380.00
  625.42, 1180.33
  625.68, 1302.33
  625.94, 1547.67
  626.20, 1469.67
  626.46, 1299.67
  626.72, 1447.00
  626.97, 1608.67
  627.23, 1418.33
  627.49, 1218.00
  627.75, 1290.33
  628.01, 1560.33
  628.27, 1556.00
  628.53, 1220.33
  628.79, 1353.33
  629.05, 1578.33
  629.31, 1524.33
  629.57, 1244.67
  629.83, 1297.33
  630.09, 1558.33
  630.35, 1569.67
  630.60, 1429.33
  630.86, 1610.33
  631.12, 1655.33
  631.38, 1657.33
  631.64, 1669.00
  631.90, 2508.67
  632.16, 3049.33
  632.42, 1914.67
  632.68, 1342.33
  632.94, 1440.33
  633.20, 1505.67
  633.46, 1537.67
  633.71, 1411.00
  633.97, 1446.33
  634.23, 1686.00
  634.49, 1586.67
  634.75, 1442.00
  635.01, 1525.33
  635.27, 1623.00
  635.53, 1507.33
  635.79, 1316.67
  636.05, 1337.33
  636.31, 1538.67
  636.56, 1452.00
  636.82, 1223.00
  637.08, 1276.00
  637.34, 1497.33
  637.60, 1520.00
  637.86, 1405.67
  638.12, 1487.67
  638.38, 1666.33
  638.64, 1540.67
  638.90, 1338.33
  639.15, 1352.00
  639.41, 1556.00
  639.67, 1429.33
  639.93, 1340.00
  640.19, 1368.67
  640.45, 1601.33
  640.71, 1474.33
  640.97, 1322.00
  641.23, 1404.00
  641.48, 1542.67
  641.74, 1584.00
  642.00, 1265.33
  642.26, 1288.67
  642.52, 1546.33
  642.78, 1549.00
  643.04, 1373.33
  643.30, 1437.33
  643.56, 1572.00
  643.81, 1625.00
  644.07, 1345.00
  644.33, 1351.67
  644.59, 1562.67
  644.85, 1646.67
  645.11, 1288.67
  645.37, 1344.00
  645.63, 1624.00
  645.88, 1499.67
  646.14, 1292.33
  646.40, 1379.67
  646.66, 1560.67
  646.92, 1454.33
  647.18, 1333.33
  647.44, 1480.00
  647.70, 1632.33
  647.95, 1535.67
  648.21, 1475.00
  648.47, 1657.00
  648.73, 1724.67
  648.99, 1651.33
  649.25, 1428.67
  649.51, 1623.67
  649.76, 2023.67
  650.02, 2149.67
  650.28, 1969.00
  650.54, 2086.33
  650.80, 2304.33
  651.06, 2154.33
  651.32, 2063.33
  651.57, 2154.00
  651.83, 2403.67
  652.09, 2291.00
  652.35, 2243.33
  652.61, 2269.67
  652.87, 2246.33
  653.13, 2089.33
  653.38, 1872.00
  653.64, 1779.00
  653.90, 1934.33
  654.16, 1822.67
  654.42, 1567.00
  654.68, 1519.67
  654.94, 1690.67
  655.19, 1641.67
  655.45, 1488.67
  655.71, 1499.67
  655.97, 1774.00
  656.23, 1836.00
  656.49, 1610.67
  656.74, 1671.67
  657.00, 1822.00
  657.26, 1731.67
  657.52, 1535.33
  657.78, 1549.00
  658.04, 1803.33
  658.29, 1776.33
  658.55, 1457.00
  658.81, 1584.33
  659.07, 1990.00
  659.33, 1805.33
  659.59, 1424.00
  659.84, 1454.67
  660.10, 1661.67
  660.36, 1574.67
  660.62, 1441.00
  660.88, 1497.33
  661.14, 1689.33
  661.39, 1539.33
  661.65, 1352.00
  661.91, 1448.67
  662.17, 1645.67
  662.43, 1560.67
  662.69, 1411.33
  662.94, 1750.00
  663.20, 1913.00
  663.46, 1652.00
  663.72, 1512.00
  663.98, 1534.00
  664.23, 1674.00
  664.49, 1689.67
  664.75, 1598.00
  665.01, 1614.67
  665.27, 1812.00
  665.53, 1922.67
  665.78, 1608.33
  666.04, 1639.00
  666.30, 1925.00
  666.56, 1882.00
  666.82, 1808.67
  667.07, 2229.00
  667.33, 2130.00
  667.59, 1748.33
  667.85, 1402.00
  668.11, 1448.67
  668.36, 1646.00
  668.62, 1509.00
  668.88, 1303.67
  669.14, 1408.67
  669.40, 1723.67
  669.65, 1590.00
  669.91, 1298.33
  670.17, 1458.00
  670.43, 1720.00
  670.69, 1685.67
  670.94, 1667.67
  671.20, 1644.33
  671.46, 1646.33
  671.72, 1602.00
  671.98, 1382.00
  672.23, 1404.00
  672.49, 1648.33
  672.75, 1733.33
  673.01, 1432.33
  673.27, 1417.00
  673.52, 1601.00
  673.78, 1545.67
  674.04, 1368.00
  674.30, 1482.67
  674.56, 1713.00
  674.81, 1634.00
  675.07, 1309.67
  675.33, 1482.67
  675.59, 1804.67
  675.84, 1668.00
  676.10, 1395.33
  676.36, 1491.00
  676.62, 1698.67
  676.88, 1662.33
  677.13, 1554.67
  677.39, 1420.00
  677.65, 1613.33
  677.91, 1583.33
  678.16, 1400.00
  678.42, 1408.33
  678.68, 1620.00
  678.94, 1599.67
  679.20, 1343.33
  679.45, 1358.67
  679.71, 1611.67
  679.97, 1567.67
  680.23, 1359.00
  680.48, 1460.00
  680.74, 1740.33
  681.00, 1537.33
  681.26, 1400.67
  681.51, 1453.00
  681.77, 1581.67
  682.03, 1639.33
  682.29, 1453.67
  682.54, 1435.67
  682.80, 1713.67
  683.06, 1727.67
  683.32, 1415.33
  683.58, 1439.33
  683.83, 1717.00
  684.09, 1661.67
  684.35, 1413.00
  684.61, 1484.33
  684.86, 1837.67
  685.12, 1716.33
  685.38, 1389.33
  685.64, 1463.33
  685.89, 1631.33
  686.15, 1567.67
  686.41, 1455.33
  686.67, 1477.67
  686.92, 1803.67
  687.18, 1732.67
  687.44, 1465.33
  687.70, 1389.33
  687.95, 1591.00
  688.21, 1596.33
  688.47, 1378.33
  688.72, 1365.33
  688.98, 1593.33
  689.24, 1556.00
  689.50, 1544.33
  689.75, 1636.33
  690.01, 1725.67
  690.27, 1642.33
  690.53, 1475.67
  690.78, 1559.00
  691.04, 1725.00
  691.30, 1565.33
  691.56, 1321.00
  691.81, 1534.00
  692.07, 2169.00
  692.33, 2319.33
  692.58, 1523.33
  692.84, 1436.00
  693.10, 1640.67
  693.36, 1631.00
  693.61, 1381.33
  693.87, 1518.00
  694.13, 1742.67
  694.39, 1630.00
  694.64, 1389.00
  694.90, 1403.00
  695.16, 1561.67
  695.41, 1498.33
  695.67, 1284.33
  695.93, 1453.33
  696.19, 1678.00
  696.44, 1613.00
  696.70, 1375.00
  696.96, 1619.00
  697.21, 1663.33
  697.47, 1439.67
  697.73, 1338.33
  697.99, 1442.67
  698.24, 1633.67
  698.50, 1577.33
  698.76, 1319.00
  699.01, 1439.67
  699.27, 1623.00
  699.53, 1654.00
  699.79, 1324.67
  700.04, 1411.67
  700.30, 1678.33
  700.56, 1584.00
  700.81, 1364.67
  701.07, 1554.33
  701.33, 1861.33
  701.58, 2032.33
  701.84, 1758.33
  702.10, 1654.33
  702.36, 2326.67
  702.61, 2416.00
  702.87, 1580.67
  703.13, 1423.00
  703.38, 1591.00
  703.64, 1572.33
  703.90, 1471.33
  704.15, 1644.00
  704.41, 1957.67
  704.67, 1937.33
  704.93, 2208.00
  705.18, 3425.33
  705.44, 6831.67
  705.70,13640.33
  705.95,12932.33
  706.21, 4952.33
  706.47, 4089.67
  706.72, 1882.33
  706.98, 1531.33
  707.24, 1808.33
  707.49, 1651.00
  707.75, 1512.67
  708.01, 1500.33
  708.26, 1676.00
  708.52, 1768.67
  708.78, 1645.67
  709.03, 1296.33
  709.29, 1408.67
  709.55, 1658.67
  709.80, 1602.33
  710.06, 1557.33
  710.32, 1636.00
  710.57, 1678.67
  710.83, 1547.00
  711.09, 1304.33
  711.34, 1457.67
  711.60, 1709.33
  711.86, 1576.00
  712.11, 1361.00
  712.37, 1435.33
  712.63, 1759.00
  712.88, 1664.00
  713.14, 1499.00
  713.40, 1469.67
  713.65, 1641.00
  713.91, 1569.00
  714.17, 1523.67
  714.42, 1575.00
  714.68, 1625.00
  714.94, 1543.00
  715.19, 1277.00
  715.45, 1505.67
  715.71, 1627.67
  715.96, 1578.00
  716.22, 1578.00
  716.48, 2569.00
  716.73, 3244.33
  716.99, 2014.00
  717.25, 1404.33
  717.50, 1509.67
  717.76, 1803.33
  718.02, 1527.33
  718.27, 1326.33
  718.53, 1438.33
  718.79, 1606.67
  719.04, 1525.00
  719.30, 1288.00
  719.55, 1426.33
  719.81, 1615.00
  720.07, 1530.33
  720.32, 1335.33
  720.58, 1535.33
  720.84, 1690.00
  721.09, 1524.00
  721.35, 1254.67
  721.61, 1427.33
  721.86, 1659.33
  722.12, 1607.33
  722.37, 1480.33
  722.63, 1671.33
  722.89, 1796.33
  723.14, 1859.00
  723.40, 3162.33
  723.66, 7447.67
  723.91, 9125.00
  724.17, 3226.00
  724.43, 1591.33
  724.68, 1503.00
  724.94, 1683.00
  725.19, 1514.67
  725.45, 1346.33
  725.71, 1494.00
  725.96, 1768.00
  726.22, 1629.00
  726.48, 1577.67
  726.73, 1885.67
  726.99, 3585.00
  727.24, 9457.00
  727.50,14555.00
  727.76, 9544.33
  728.01, 5315.67
  728.27, 2079.33
  728.52, 1573.00
  728.78, 1560.33
  729.04, 1711.00
  729.29, 1732.33
  729.55, 2029.33
  729.81, 2330.33
  730.06, 2123.33
  730.32, 1777.00
  730.57, 1445.00
  730.83, 1409.67
  731.09, 1610.67
  731.34, 1555.00
  731.60, 1480.33
  731.85, 1324.00
  732.11, 1610.00
  732.37, 1626.67
  732.62, 1438.00
  732.88, 1464.00
  733.13, 1671.67
  733.39, 1596.67
  733.65, 1410.33
  733.90, 1488.67
  734.16, 1531.33
  734.41, 1465.00
  734.67, 1381.33
  734.93, 1579.33
  735.18, 1727.33
  735.44, 1545.00
  735.69, 1451.00
  735.95, 1447.00
  736.20, 1681.00
  736.46, 1553.67
  736.72, 1294.67
  736.97, 1308.67
  737.23, 1585.67
  737.48, 1553.67
  737.74, 1379.00
  738.00, 1384.67
  738.25, 1650.67
  738.51, 1547.33
  738.76, 1272.33
  739.02, 1356.00
  739.27, 1600.33
  739.53, 1473.33
  739.79, 1197.67
  740.04, 1323.33
  740.30, 1560.33
  740.55, 1480.67
  740.81, 1318.67
  741.07, 1339.67
  741.32, 1473.67
  741.58, 1479.00
  741.83, 1363.00
  742.09, 1379.67
  742.34, 1682.00
  742.60, 1761.33
  742.86, 1815.67
  743.11, 2473.00
  743.37, 2409.00
  743.62, 1691.00
  743.88, 1333.00
  744.13, 1425.00
  744.39, 1630.67
  744.64, 1524.00
  744.90, 1324.33
  745.16, 1488.67
  745.41, 1654.00
  745.67, 1626.67
  745.92, 1530.00
  746.18, 1614.00
  746.43, 1938.33
  746.69, 1931.00
  746.94, 1575.67
  747.20, 1668.67
  747.46, 1723.67
  747.71, 2080.33
  747.97, 3936.67
  748.22, 5905.00
  748.48, 3579.67
  748.73, 1886.67
  748.99, 1416.67
  749.24, 1492.33
  749.50, 1760.00
  749.76, 1591.33
  750.01, 1371.67
  750.27, 1599.67
  750.52, 1827.67
  750.78, 1519.67
  751.03, 1308.33
  751.29, 1398.33
  751.54, 1649.00
  751.80, 1666.33
  752.05, 1370.33
  752.31, 1655.00
  752.56, 3014.00
  752.82, 4814.00
  753.08, 4064.00
  753.33, 2363.67
  753.59, 3124.67
  753.84, 3221.67
  754.10, 1697.33
  754.35, 1463.00
  754.61, 1597.33
  754.86, 1524.33
  755.12, 1397.33
  755.37, 1515.67
  755.63, 1650.67
  755.88, 1459.00
  756.14, 1298.33
  756.39, 1391.00
  756.65, 1587.33
  756.90, 1532.33
  757.16, 1426.67
  757.41, 1529.67
  757.67, 1555.00
  757.92, 1513.33
  758.18, 1341.33
  758.44, 1384.00
  758.69, 1624.33
  758.95, 1505.00
  759.20, 1338.33
  759.46, 1429.67
  759.71, 1604.00
  759.97, 1567.00
  760.22, 1320.33
  760.48, 1363.67
  760.73, 1537.33
  760.99, 1525.00
  761.24, 1370.67
  761.50, 1411.33
  761.75, 1553.67
  762.01, 1613.67
  762.26, 1261.33
  762.52, 1326.33
  762.77, 1691.67
  763.03, 1787.33
  763.28, 1273.33
  763.54, 1386.67
  763.79, 1638.00
  764.05, 1397.00
  764.30, 1232.00
  764.56, 1376.33
  764.81, 1680.67
  765.07, 1489.00
  765.32, 1243.33
  765.58, 1466.00
  765.83, 1575.67
  766.09, 1470.33
  766.34, 1434.00
  766.60, 1542.67
  766.85, 1649.67
  767.11, 1590.00
  767.36, 1298.00
  767.62, 1344.33
  767.87, 1588.67
  768.13, 1467.67
  768.38, 1343.33
  768.63, 1439.00
  768.89, 1633.33
  769.14, 1545.33
  769.40, 1247.00
  769.65, 1358.00
  769.91, 1653.00
  770.16, 1511.67
  770.42, 1234.67
  770.67, 1365.67
  770.93, 1631.00
  771.18, 1665.67
  771.44, 1296.67
  771.69, 1456.33
  771.95, 1667.33
  772.20, 1631.67
  772.46, 1261.00
  772.71, 1380.33
  772.97, 1584.33
  773.22, 1490.33
  773.47, 1392.67
  773.73, 1420.00
  773.98, 1640.00
  774.24, 1567.67
  774.49, 1308.00
  774.75, 1337.67
  775.00, 1551.33
  775.26, 1458.67
  775.51, 1237.33
  775.77, 1389.00
  776.02, 1669.67
  776.28, 1690.33
  776.53, 1369.33
  776.78, 1384.00
  777.04, 1568.33
  777.29, 1570.67
  777.55, 1387.00
  777.80, 1507.67
  778.06, 1567.33
  778.31, 1532.67
  778.57, 1409.67
  778.82, 1424.00
  779.08, 1655.67
  779.33, 1590.00
  779.58, 1339.33
  779.84, 1344.33
  780.09, 1585.00
  780.35, 1531.67
  780.60, 1273.67
  780.86, 1370.00
  781.11, 1486.00
  781.37, 1409.67
  781.62, 1303.67
  781.87, 1527.67
  782.13, 1760.00
  782.38, 1552.33
  782.64, 1369.67
  782.89, 1455.00
  783.15, 1706.33
  783.40, 1548.00
  783.65, 1341.00
  783.91, 1466.33
  784.16, 1679.33
  784.42, 1524.33
  784.67, 1350.67
  784.93, 1416.00
  785.18, 1677.67
  785.43, 1565.00
  785.69, 1342.67
  785.94, 1423.33
  786.20, 1561.67
  786.45, 1556.00
  786.71, 1494.67
  786.96, 1476.33
  787.21, 1577.00
  787.47, 1486.33
  787.72, 1272.00
  787.98, 1461.67
  788.23, 1593.00
  788.49, 1475.33
  788.74, 1381.00
  788.99, 1470.33
  789.25, 1611.33
  789.50, 1537.00
  789.76, 1328.67
  790.01, 1476.67
  790.26, 1650.67
  790.52, 1562.67
  790.77, 1327.00
  791.03, 1316.67
  791.28, 1531.00
  791.53, 1564.00
  791.79, 1371.33
  792.04, 1434.33
  792.30, 1609.00
  792.55, 1506.67
  792.80, 1345.33
  793.06, 1567.33
  793.31, 1884.67
  793.57, 2195.00
  793.82, 1998.33
  794.07, 1564.33
  794.33, 1765.00
  794.58, 1626.33
  794.84, 1435.67
  795.09, 1458.00
  795.34, 1728.33
  795.60, 1389.00
  795.85, 1264.67
  796.11, 1446.33
  796.36, 1585.67
  796.61, 1514.00
  796.87, 1255.33
  797.12, 1365.67
  797.38, 1712.00
  797.63, 1656.00
  797.88, 1502.33
  798.14, 1331.33
  798.39, 1492.33
  798.64, 1510.00
  798.90, 1284.67
  799.15, 1393.67
  799.41, 1732.00
  799.66, 1726.33
  799.91, 1329.67
  800.17, 1420.33
  800.42, 1562.33
  800.67, 1511.67
  800.93, 1421.33
  801.18, 1598.67
  801.44, 1734.33
  801.69, 1605.00
  801.94, 1431.00
  802.20, 1426.33
  802.45, 1607.33
  802.70, 1620.00
  802.96, 1434.67
  803.21, 1488.67
  803.47, 1685.00
  803.72, 1550.67
  803.97, 1362.00
  804.23, 1561.33
  804.48, 1608.67
  804.73, 1490.33
  804.99, 1323.00
  805.24, 1440.00
  805.49, 1681.00
  805.75, 1554.00
  806.00, 1374.67
  806.26, 1399.00
  806.51, 1548.00
  806.76, 1444.33
  807.02, 1260.33
  807.27, 1517.33
  807.52, 1704.67
  807.78, 1621.33
  808.03, 1402.33
  808.28, 1497.33
  808.54, 1571.67
  808.79, 1520.67
  809.04, 1368.00
  809.30, 1626.33
  809.55, 1920.33
  809.80, 1506.67
  810.06, 1351.00
  810.31, 1595.33
  810.56, 1733.33
  810.82, 1573.33
  811.07, 1578.67
  811.32, 1696.00
  811.58, 1631.67
  811.83, 1485.33
  812.08, 1452.67
  812.34, 1651.67
  812.59, 1886.33
  812.84, 2347.00
  813.10, 2333.33
  813.35, 1721.67
  813.60, 1570.00
  813.86, 1557.67
  814.11, 1578.00
  814.36, 1556.33
  814.62, 1692.00
  814.87, 1520.33
  815.12, 1352.33
  815.38, 1383.33
  815.63, 1577.33
  815.88, 1530.67
  816.14, 1423.00
  816.39, 1452.00
  816.64, 1628.67
  816.90, 1468.67
  817.15, 1246.67
  817.40, 1348.33
  817.66, 1653.67
  817.91, 1523.00
  818.16, 1321.67
  818.42, 1443.67
  818.67, 1598.00
  818.92, 1510.00
  819.18, 1317.00
  819.43, 1422.67
  819.68, 1646.33
  819.93, 1527.33
  820.19, 1220.00
  820.44, 1332.00
  820.69, 1647.67
  820.95, 1714.00
  821.20, 1377.33
  821.45, 1497.67
  821.71, 1676.33
  821.96, 1602.67
  822.21, 1303.00
  822.47, 1381.67
  822.72, 1605.67
  822.97, 1607.00
  823.22, 1481.33
  823.48, 1422.00
  823.73, 1459.33
  823.98, 1463.33
  824.24, 1376.67
  824.49, 1433.00
  824.74, 1660.67
  824.99, 1719.33
  825.25, 1506.00
  825.50, 1621.33
  825.75, 1897.67
  826.01, 1822.33
  826.26, 1498.00
  826.51, 1626.67
  826.77, 1736.67
  827.02, 1633.67
  827.27, 1400.00
  827.52, 1355.67
  827.78, 1590.00
  828.03, 1581.00
  828.28, 1451.00
  828.53, 1522.00
  828.79, 1698.00
  829.04, 1941.33
  829.29, 2457.67
  829.55, 2496.33
  829.80, 1835.67
  830.05, 1674.33
  830.30, 1357.33
  830.56, 1362.00
  830.81, 1556.00
  831.06, 1501.67
  831.32, 1291.67
  831.57, 1443.67
  831.82, 1607.33
  832.07, 1537.00
  832.33, 1335.33
  832.58, 1367.67
  832.83, 1622.00
  833.08, 1542.67
  833.34, 1322.00
  833.59, 1555.33
  833.84, 1686.00
  834.09, 1449.67
  834.35, 1336.00
  834.60, 1473.00
  834.85, 1612.00
  835.10, 1510.00
  835.36, 1361.67
  835.61, 1450.00
  835.86, 1757.67
  836.11, 1699.00
  836.37, 1459.67
  836.62, 1817.67
  836.87, 3482.33
  837.12, 4606.67
  837.38, 2975.67
  837.63, 1838.67
  837.88, 1867.00
  838.13, 1632.33
  838.39, 1364.00
  838.64, 1581.00
  838.89, 1688.67
  839.14, 1554.33
  839.40, 1236.00
  839.65, 1322.33
  839.90, 1506.67
  840.15, 1522.33
  840.41, 1297.67
  840.66, 1568.00
  840.91, 2079.33
  841.16, 2471.00
  841.42, 1862.33
  841.67, 1524.67
  841.92, 1627.00
  842.17, 1539.00
  842.43, 1334.33
  842.68, 1342.67
  842.93, 1521.67
  843.18, 1474.67
  843.43, 1256.33
  843.69, 1401.33
  843.94, 1586.00
  844.19, 1472.00
  844.44, 1292.67
  844.70, 1313.33
  844.95, 1493.67
  845.20, 1506.00
  845.45, 1450.67
  845.70, 1531.67
  845.96, 1707.33
  846.21, 1625.00
  846.46, 1328.00
  846.71, 1325.33
  846.97, 1679.33
  847.22, 1624.00
  847.47, 1403.67
  847.72, 1533.67
  847.97, 1660.33
  848.23, 1635.33
  848.48, 1792.67
  848.73, 2986.00
  848.98, 3818.67
  849.23, 2317.33
  849.49, 1547.33
  849.74, 1484.00
  849.99, 1580.67
  850.24, 1485.00
  850.50, 1322.00
  850.75, 1449.67
  851.00, 1560.00
  851.25, 1563.00
  851.50, 1308.33
  851.76, 1337.33
  852.01, 1479.00
  852.26, 1447.67
  852.51, 1370.67
  852.76, 1492.33
  853.02, 1654.00
  853.27, 1535.67
  853.52, 1388.00
  853.77, 1446.00
  854.02, 1714.67
  854.27, 1607.00
  854.53, 1269.33
  854.78, 1292.33
  855.03, 1454.33
  855.28, 1495.33
  855.53, 1520.00
  855.79, 1437.67
  856.04, 1615.67
  856.29, 1557.00
  856.54, 1327.67
  856.79, 1360.33
  857.05, 1591.67
  857.30, 1565.00
  857.55, 1466.33
  857.80, 1496.67
  858.05, 1816.33
  858.30, 2262.33
  858.56, 2484.00
  858.81, 1867.67
  859.06, 1772.00
  859.31, 1477.67
  859.56, 1311.00
  859.81, 1415.33
  860.07, 1488.00
  860.32, 1433.33
  860.57, 1324.33
  860.82, 1478.00
  861.07, 1808.33
  861.32, 1580.33
  861.58, 1327.33
  861.83, 1380.00
  862.08, 1584.33
  862.33, 1665.00
  862.58, 1929.67
  862.83, 2457.67
  863.09, 2158.67
  863.34, 1746.00
  863.59, 1495.33
  863.84, 1504.00
  864.09, 1913.33
  864.34, 2006.33
  864.60, 2423.00
  864.85, 3134.33
  865.10, 2570.67
  865.35, 1914.33
  865.60, 1415.00
  865.85, 1439.00
  866.10, 1689.00
  866.36, 1505.00
  866.61, 1314.33
  866.86, 1390.67
  867.11, 1892.67
  867.36, 2197.33
  867.61, 1938.67
  867.86, 1607.00
  868.12, 1574.00
  868.37, 1528.33
  868.62, 1281.67
  868.87, 1346.33
  869.12, 1566.33
  869.37, 1497.67
  869.62, 1293.33
  869.88, 1450.33
  870.13, 1731.67
  870.38, 1546.33
  870.63, 1284.67
  870.88, 1428.33
  871.13, 1612.67
  871.38, 1571.00
  871.64, 1345.00
  871.89, 1319.33
  872.14, 1578.00
  872.39, 1667.67
  872.64, 1341.00
  872.89, 1353.00
  873.14, 1612.00
  873.39, 1556.00
  873.65, 1409.00
  873.90, 1541.33
  874.15, 1552.67
  874.40, 1507.33
  874.65, 1341.33
  874.90, 1443.67
  875.15, 1531.67
  875.40, 1426.33
  875.65, 1235.67
  875.91, 1350.33
  876.16, 1642.00
  876.41, 1691.33
  876.66, 1685.67
  876.91, 1778.67
  877.16, 2379.67
  877.41, 3249.00
  877.66, 3291.33
  877.91, 2632.00
  878.17, 2009.67
  878.42, 1581.00
  878.67, 1410.00
  878.92, 1503.67
  879.17, 1627.67
  879.42, 1518.33
  879.67, 1334.00
  879.92, 1380.33
  880.17, 1680.33
  880.43, 1564.33
  880.68, 1255.00
  880.93, 1382.67
  881.18, 1526.67
  881.43, 1506.67
  881.68, 1337.00
  881.93, 1424.67
  882.18, 1608.00
  882.43, 1491.33
  882.68, 1285.67
  882.93, 1334.67
  883.19, 1684.33
  883.44, 1695.67
  883.69, 1432.67
  883.94, 1427.00
  884.19, 1516.33
  884.44, 1665.67
  884.69, 1812.67
  884.94, 1802.67
  885.19, 1655.67
  885.44, 1642.67
  885.69, 1557.67
  885.94, 1843.67
  886.20, 1960.00
  886.45, 1655.67
  886.70, 1315.00
  886.95, 1406.33
  887.20, 1640.33
  887.45, 1549.33
  887.70, 1363.33
  887.95, 1352.00
  888.20, 1585.67
  888.45, 1569.33
  888.70, 1392.33
  888.95, 1483.00
  889.20, 1639.00
  889.45, 1495.33
  889.71, 1329.33
  889.96, 1439.00
  890.21, 1551.00
  890.46, 1476.67
  890.71, 1367.67
  890.96, 1476.67
  891.21, 1827.00
  891.46, 1727.00
  891.71, 1506.00
  891.96, 1401.00
  892.21, 1577.33
  892.46, 1612.67
  892.71, 1232.33
  892.96, 1317.00
  893.21, 1558.33
  893.46, 1456.00
  893.71, 1272.00
  893.97, 1337.00
  894.22, 1526.33
  894.47, 1436.00
  894.72, 1226.67
  894.97, 1413.67
  895.22, 1578.67
  895.47, 1586.67
  895.72, 1347.67
  895.97, 1368.33
  896.22, 1630.00
  896.47, 1545.00
  896.72, 1271.67
  896.97, 1481.00
  897.22, 1728.67
  897.47, 1536.33
  897.72, 1375.33
  897.97, 1491.33
  898.22, 1701.67
  898.47, 1669.33
  898.72, 1540.33
  898.97, 1413.67
  899.22, 1555.67
  899.47, 1544.00
  899.72, 1311.67
  899.97, 1300.00
  900.22, 1608.00
  900.48, 1505.00
  900.73, 1360.33
  900.98, 1470.33
  901.23, 1539.67
  901.48, 1471.00
  901.73, 1345.33
  901.98, 1485.33
  902.23, 1634.67
  902.48, 1546.67
  902.73, 1350.00
  902.98, 1409.67
  903.23, 1539.33
  903.48, 1484.00
  903.73, 1198.33
  903.98, 1383.67
  904.23, 1661.33
  904.48, 1476.67
  904.73, 1358.00
  904.98, 1450.00
  905.23, 1602.33
  905.48, 1437.67
  905.73, 1302.33
  905.98, 1404.33
  906.23, 1579.67
  906.48, 1560.33
  906.73, 1419.67
  906.98, 1368.67
  907.23, 1452.67
  907.48, 1379.33
  907.73, 1265.00
  907.98, 1322.67
  908.23, 1587.33
  908.48, 1604.67
  908.73, 1300.67
  908.98, 1312.00
  909.23, 1589.00
  909.48, 1533.33
  909.73, 1271.33
  909.98, 1322.67
  910.23, 1516.00
  910.48, 1356.00
  910.73, 1214.00
  910.98, 1336.00
  911.23, 1468.00
  911.48, 1414.33
  911.73, 1321.00
  911.98, 1455.00
  912.23, 1542.00
  912.48, 1434.67
  912.73, 1221.33
  912.98, 1379.67
  913.23, 1580.33
  913.48, 1501.67
  913.73, 1328.67
  913.98, 1400.00
  914.23, 1677.33
  914.48, 1566.00
  914.73, 1350.67
  914.98, 1458.33
  915.23, 1586.67
  915.47, 1609.33
  915.72, 1373.33
  915.97, 1326.67
  916.22, 1462.67
  916.47, 1502.33
  916.72, 1387.33
  916.97, 1364.00
  917.22, 1489.00
  917.47, 1527.33
  917.72, 1438.67
  917.97, 1476.33
  918.22, 1543.33
  918.47, 1461.00
  918.72, 1372.33
  918.97, 1545.00
  919.22, 1612.33
  919.47, 1568.67
  919.72, 1377.67
  919.97, 1437.67
  920.22, 1636.67
  920.47, 1523.00
  920.72, 1349.67
  920.97, 1399.67
  921.22, 1619.33
  921.47, 1528.33
  921.72, 1390.00
  921.96, 1575.33
  922.21, 1703.67
  922.46, 1495.00
  922.71, 1192.33
  922.96, 1328.67
  923.21, 1597.33
  923.46, 1539.67
  923.71, 1335.33
  923.96, 1378.67
  924.21, 1541.33
  924.46, 1478.67
  924.71, 1348.33
  924.96, 1314.00
  925.21, 1426.33
  925.46, 1472.00
  925.71, 1430.33
  925.96, 1427.67
  926.20, 1613.33
  926.45, 1482.00
  926.70, 1241.67
  926.95, 1360.00
  927.20, 1534.67
  927.45, 1450.00
  927.70, 1247.00
  927.95, 1325.67
  928.20, 1539.33
  928.45, 1434.67
  928.70, 1242.67
  928.95, 1345.33
  929.20, 1535.33
  929.45, 1499.67
  929.69, 1308.00
  929.94, 1425.67
  930.19, 1613.67
  930.44, 1583.67
  930.69, 1409.33
  930.94, 1605.00
  931.19, 1558.67
  931.44, 1495.00
  931.69, 1440.00
  931.94, 1524.00
  932.19, 1508.67
  932.44, 1513.00
  932.68, 1328.67
  932.93, 1364.67
  933.18, 1634.33
  933.43, 1554.33
  933.68, 1357.67
  933.93, 1420.33
  934.18, 1581.67
  934.43, 1520.67
  934.68, 1215.00
  934.93, 1280.67
  935.17, 1529.67
  935.42, 1539.33
  935.67, 1327.00
  935.92, 1318.00
  936.17, 1574.67
  936.42, 1556.33
  936.67, 1461.33
  936.92, 1426.00
  937.17, 1547.33
  937.42, 1480.67
  937.66, 1304.67
  937.91, 1430.67
  938.16, 1630.00
  938.41, 1489.00
  938.66, 1270.33
  938.91, 1401.00
  939.16, 1482.33
  939.41, 1394.67
  939.66, 1301.33
  939.90, 1420.00
  940.15, 1607.00
  940.40, 1569.33
  940.65, 1320.67
  940.90, 1418.67
  941.15, 1702.33
  941.40, 1701.00
  941.65, 1494.33
  941.89, 1386.00
  942.14, 1624.00
  942.39, 1608.00
  942.64, 1408.00
  942.89, 1382.00
  943.14, 1600.67
  943.39, 1526.33
  943.64, 1282.33
  943.88, 1259.67
  944.13, 1456.00
  944.38, 1499.00
  944.63, 1279.00
  944.88, 1406.00
  945.13, 1713.33
  945.38, 1712.33
  945.63, 1413.67
  945.87, 1486.67
  946.12, 1588.33
  946.37, 1718.00
  946.62, 1542.67
  946.87, 1395.33
  947.12, 1485.00
  947.37, 1529.67
  947.61, 1410.33
  947.86, 1407.67
  948.11, 1886.67
  948.36, 2317.00
  948.61, 1371.33
  948.86, 1310.67
  949.10, 1467.00
  949.35, 1471.67
  949.60, 1339.33
  949.85, 1427.33
  950.10, 1637.33
  950.35, 1518.33
  950.60, 1377.33
  950.84, 1517.33
  951.09, 1571.00
  951.34, 1540.33
  951.59, 1418.33
  951.84, 1505.33
  952.09, 1601.67
  952.33, 1480.33
  952.58, 1310.67
  952.83, 1472.67
  953.08, 1757.00
  953.33, 1530.67
  953.58, 1322.33
  953.82, 1411.67
  954.07, 1802.67
  954.32, 1912.67
  954.57, 1462.33
  954.82, 1437.00
  955.07, 1558.00
  955.31, 1631.67
  955.56, 1328.33
  955.81, 1473.00
  956.06, 1586.67
  956.31, 1504.67
  956.56, 1284.67
  956.80, 1399.33
  957.05, 1566.33
  957.30, 1540.67
  957.55, 1320.33
  957.80, 1358.67
  958.04, 1580.33
  958.29, 1633.67
  958.54, 1374.33
  958.79, 1364.00
  959.04, 1514.33
  959.29, 1567.67
  959.53, 1495.00
  959.78, 1507.67
  960.03, 1502.67
  960.28, 1511.67
  960.53, 1366.33
  960.77, 1404.00
  961.02, 1682.67
  961.27, 1606.67
  961.52, 1378.00
  961.77, 1419.33
  962.01, 1556.67
  962.26, 1549.67
  962.51, 1275.67
  962.76, 1421.33
  963.01, 1616.67
  963.25, 1550.00
  963.50, 1428.33
  963.75, 1502.33
  964.00, 1712.33
  964.25, 1675.33
  964.49, 1390.33
  964.74, 1325.33
  964.99, 1594.33
  965.24, 1516.00
  965.49, 1337.67
  965.73, 1443.67
  965.98, 1608.67
  966.23, 1542.00
  966.48, 1393.33
  966.72, 1468.33
  966.97, 1757.67
  967.22, 1656.33
  967.47, 1461.00
  967.72, 1389.67
  967.96, 1490.67
  968.21, 1488.33
  968.46, 1380.33
  968.71, 1356.00
  968.95, 1615.33
  969.20, 1474.67
  969.45, 1291.00
  969.70, 1340.33
  969.95, 1626.67
  970.19, 1569.67
  970.44, 1289.33
  970.69, 1448.67
  970.94, 1614.33
  971.18, 1549.33
  971.43, 1369.00
  971.68, 1404.33
  971.93, 1492.33
  972.17, 1553.67
  972.42, 1432.67
  972.67, 1419.00
  972.92, 1564.33
  973.17, 1489.33
  973.41, 1392.67
  973.66, 1493.67
  973.91, 1541.00
  974.16, 1502.33
  974.40, 1262.67
  974.65, 1432.00
  974.90, 1651.33
  975.15, 1563.33
  975.39, 1398.67
  975.64, 1481.67
  975.89, 1685.00
  976.14, 1648.00
  976.38, 1361.67
  976.63, 1473.67
  976.88, 1596.67
  977.13, 1567.00
  977.37, 1391.33
  977.62, 1407.00
  977.87, 1667.67
  978.12, 1649.33
  978.36, 1336.67
  978.61, 1424.33
  978.86, 1613.33
  979.10, 1537.33
  979.35, 1490.33
  979.60, 1458.33
  979.85, 1586.00
  980.09, 1467.33
  980.34, 1298.00
  980.59, 1355.33
  980.84, 1583.00
  981.08, 1546.67
  981.33, 1357.00
  981.58, 1417.33
  981.83, 1560.33
  982.07, 1418.67
  982.32, 1283.00
  982.57, 1302.33
  982.81, 1504.33
  983.06, 1363.67
  983.31, 1296.33
  983.56, 1327.33
  983.80, 1534.33
  984.05, 1537.33
  984.30, 1367.00
  984.54, 1409.33
  984.79, 1589.33
  985.04, 1518.33
  985.29, 1347.33
  985.53, 1430.33
  985.78, 1638.00
  986.03, 1568.33
  986.27, 1341.67
  986.52, 1400.00
  986.77, 1624.67
  987.02, 1469.00
  987.26, 1292.33
  987.51, 1497.00
  987.76, 1655.00
  988.00, 1592.00
  988.25, 1286.00
  988.50, 1413.67
  988.75, 1629.33
  988.99, 1482.33
  989.24, 1257.67
  989.49, 1351.67
  989.73, 1538.33
  989.98, 1513.00
  990.23, 1470.67
  990.47, 1445.33
  990.72, 1628.33
  990.97, 1507.67
  991.21, 1415.33
  991.46, 1473.67
  991.71, 1499.33
  991.96, 1442.67
  992.20, 1382.33
  992.45, 1410.00
  992.70, 1574.33
  992.94, 1486.67
  993.19, 1321.67
  993.44, 1439.33
  993.68, 1708.67
  993.93, 1577.00
  994.18, 1491.33
  994.42, 1441.67
  994.67, 1729.67
  994.92, 1623.33
  995.16, 1368.33
  995.41, 1343.33
  995.66, 1442.00
  995.90, 1422.67
  996.15, 1478.00
  996.40, 1505.67
  996.64, 1515.33
  996.89, 1522.33
  997.14, 1363.33
  997.38, 1357.33
  997.63, 1580.33
  997.88, 1463.00
  998.12, 1304.67
  998.37, 1449.67
  998.62, 1629.67
  998.86, 1671.33
  999.11, 1378.67
  999.36, 1426.00
  999.60, 1562.33
  999.85, 1411.00
 1000.10, 1245.67
 1000.34, 1274.00
 1000.59, 1515.33
 1000.84, 1533.33
 1001.08, 1335.00
 1001.33, 1410.00
 1001.58, 1556.67
 1001.82, 1476.33
 1002.07, 1372.00
 1002.32, 1447.33
 1002.56, 1581.33
 1002.81, 1512.00
 1003.06, 1303.67
 1003.30, 1363.67
 1003.55, 1560.33
 1003.80, 1537.67
 1004.04, 1328.00
 1004.29, 1450.00
 1004.53, 1663.33
 1004.78, 1618.67
 1005.03, 1419.33
 1005.27, 1399.67
 1005.52, 1684.67
 1005.77, 1586.00
 1006.01, 1379.67
 1006.26, 1531.00
 1006.51, 1677.00
 1006.75, 1516.33
 1007.00, 1243.00
 1007.24, 1287.33
 1007.49, 1551.33
 1007.74, 1464.33
 1007.98, 1272.33
 1008.23, 1413.33
 1008.48, 1564.00
 1008.72, 1556.00
 1008.97, 1396.33
 1009.21, 1379.33
 1009.46, 1642.00
 1009.71, 1659.67
 1009.95, 1439.67
 1010.20, 1378.33
 1010.45, 1579.67
 1010.69, 1475.33
 1010.94, 1287.00
 1011.18, 1345.00
 1011.43, 1515.00
 1011.68, 1483.33
 1011.92, 1406.67
 1012.17, 1502.00
 1012.41, 1559.00
 1012.66, 1471.00
 1012.91, 1280.00
 1013.15, 1372.00
 1013.40, 1628.33
 1013.65, 1567.33
 1013.89, 1331.33
 1014.14, 1325.00
 1014.38, 1515.00
 1014.63, 1470.67
 1014.88, 1287.67
 1015.12, 1326.00
 1015.37, 1519.33
 1015.61, 1529.67
 1015.86, 1320.67
 1016.11, 1463.00
 1016.35, 1573.33
 1016.60, 1486.00
 1016.84, 1379.67
 1017.09, 1395.00
 1017.33, 1606.00
 1017.58, 1557.67
 1017.83, 1374.00
 1018.07, 1422.67
 1018.32, 1610.00
 1018.56, 1447.33
 1018.81, 1262.00
 1019.06, 1359.33
 1019.30, 1561.67
 1019.55, 1487.67
 1019.79, 1365.00
 1020.04, 1603.67
 1020.29, 1685.67
 1020.53, 1442.33
 1020.78, 1301.33
 1021.02, 1408.00
 1021.27, 1532.33
 1021.51, 1478.67
 1021.76, 1324.67
 1022.01, 1400.00
 1022.25, 1624.00
 1022.50, 1542.33
 1022.74, 1318.00
 1022.99, 1384.33
 1023.23, 1618.33
 1023.48, 1636.00
 1023.73, 1444.67
 1023.97, 1419.67
 1024.22, 1558.00
 1024.46, 1428.67
 1024.71, 1233.00
 1024.95, 1359.67
 1025.20, 1514.33
 1025.44, 1428.33
 1025.69, 1367.00
 1025.94, 1418.67
 1026.18, 1537.33
 1026.43, 1514.33
 1026.67, 1289.00
 1026.92, 1488.00
 1027.16, 1661.67
 1027.41, 1419.33
 1027.65, 1259.67
 1027.90, 1431.33
 1028.15, 1544.67
 1028.39, 1420.00
 1028.64, 1227.33
 1028.88, 1400.33
 1029.13, 1651.33
 1029.37, 1491.33
 1029.62, 1191.67
 1029.86, 1334.67
 1030.11, 1584.33
 1030.35, 1518.67
 1030.60, 1397.00
 1030.85, 1402.00
 1031.09, 1508.67
 1031.34, 1478.00
 1031.58, 1475.00
 1031.83, 1552.00
 1032.07, 1489.67
 1032.32, 1447.00
 1032.56, 1269.00
 1032.81, 1379.33
 1033.05, 1628.00
 1033.30, 1520.67
 1033.54, 1287.67
 1033.79, 1453.33
 1034.03, 1691.00
 1034.28, 1620.33
 1034.53, 1400.33
 1034.77, 1473.00
 1035.02, 1638.33
 1035.26, 1521.33
 1035.51, 1343.00
 1035.75, 1469.33
 1036.00, 1635.00
 1036.24, 1649.67
 1036.49, 1377.00
 1036.73, 1451.33
 1036.98, 1631.00
 1037.22, 1585.33
 1037.47, 1419.67
 1037.71, 1409.00
 1037.96, 1598.00
 1038.20, 1505.00
 1038.45, 1338.00
 1038.69, 1381.33
 1038.94, 1533.00
 1039.18, 1504.00
 1039.43, 1376.00
 1039.67, 1392.33
 1039.92, 1574.00
 1040.16, 1611.00
 1040.41, 1323.33
 1040.65, 1306.00
 1040.90, 1631.33
 1041.14, 1573.67
 1041.39, 1343.00
 1041.63, 1386.00
 1041.88, 1640.00
 1042.12, 1660.67
 1042.37, 1390.33
 1042.61, 1374.67
 1042.86, 1527.67
 1043.10, 1372.33
 1043.35, 1364.00
 1043.59, 1772.00
 1043.84, 1763.33
 1044.08, 1575.33
 1044.33, 1274.00
 1044.57, 1486.67
 1044.82, 1718.33
 1045.06, 1516.00
 1045.31, 1371.67
 1045.55, 1348.67
 1045.80, 1519.00
 1046.04, 1525.67
 1046.29, 1327.33
 1046.53, 1314.00
 1046.78, 1549.33
 1047.02, 1598.67
 1047.27, 1407.33
 1047.51, 1494.67
 1047.75, 1671.33
 1048.00, 1525.67
 1048.24, 1411.33
 1048.49, 1566.00
 1048.73, 1610.67
 1048.98, 1521.67
 1049.22, 1301.33
 1049.47, 1358.33
 1049.71, 1574.00
 1049.96, 1479.33
 1050.20, 1230.67
 1050.45, 1291.67
 1050.69, 1522.67
 1050.94, 1512.67
 1051.18, 1291.33
 1051.42, 1373.67
 1051.67, 1557.67
 1051.91, 1501.33
 1052.16, 1386.33
 1052.40, 1477.33
 1052.65, 1584.33
 1052.89, 1420.33
 1053.14, 1285.00
 1053.38, 1445.33
 1053.63, 1570.33
 1053.87, 1559.33
 1054.11, 1249.00
 1054.36, 1300.00
 1054.60, 2284.33
 1054.85, 3172.33
 1055.09, 1543.00
 1055.34, 1499.00
 1055.58, 1602.67
 1055.83, 1654.00
 1056.07, 1337.33
 1056.31, 1419.33
 1056.56, 1632.00
 1056.80, 1572.33
 1057.05, 1315.33
 1057.29, 1397.00
 1057.54, 1637.67
 1057.78, 1626.67
 1058.02, 1413.00
 1058.27, 1618.33
 1058.51, 1660.33
 1058.76, 1513.33
 1059.00, 1307.67
 1059.25, 1314.00
 1059.49, 1532.00
 1059.74, 1483.67
 1059.98, 1386.67
 1060.22, 1556.67
 1060.47, 1568.67
 1060.71, 1489.67
 1060.96, 1269.33
 1061.20, 1400.00
 1061.44, 1580.33
 1061.69, 2051.00
 1061.93, 2533.67
 1062.18, 1528.33
 1062.42, 1577.67
 1062.67, 1440.67
 1062.91, 1232.00
 1063.15, 1330.00
 1063.40, 1608.33
 1063.64, 1475.00
 1063.89, 1307.33
 1064.13, 1400.67
 1064.37, 1579.33
 1064.62, 1514.00
 1064.86, 1375.33
 1065.11, 1349.33
 1065.35, 1539.67
 1065.59, 1635.33
 1065.84, 1476.67
 1066.08, 1538.00
 1066.33, 1697.67
 1066.57, 1561.33
 1066.81, 1451.00
 1067.06, 1418.33
 1067.30, 1628.67
 1067.55, 1522.00
 1067.79, 1322.67
 1068.03, 1327.00
 1068.28, 1521.67
 1068.52, 1557.67
 1068.77, 1488.33
 1069.01, 1463.00
 1069.25, 1782.33
 1069.50, 1573.33
 1069.74, 1229.67
 1069.99, 1391.00
 1070.23, 1660.00
 1070.47, 1455.33
 1070.72, 1248.00
 1070.96, 1351.00
 1071.20, 1521.67
 1071.45, 1564.33
 1071.69, 1406.67
 1071.94, 1347.33
 1072.18, 1609.67
 1072.42, 1575.67
 1072.67, 1446.00
 1072.91, 1484.00
 1073.15, 1540.67
 1073.40, 1452.33
 1073.64, 1415.33
 1073.89, 1369.00
 1074.13, 1649.00
 1074.37, 1596.00
 1074.62, 1255.67
 1074.86, 1475.33
 1075.10, 1850.00
 1075.35, 1504.00
 1075.59, 1510.33
 1075.83, 1649.00
 1076.08, 1600.67
 1076.32, 1487.33
 1076.57, 1301.67
 1076.81, 1398.33
 1077.05, 1569.67
 1077.30, 1426.33
 1077.54, 1289.00
 1077.78, 1433.33
 1078.03, 1589.33
 1078.27, 1605.67
 1078.51, 1409.67
 1078.76, 1334.00
 1079.00, 1616.00
 1079.24, 1611.67
 1079.49, 1337.67
 1079.73, 1438.00
 1079.97, 1585.00
 1080.22, 1421.67
 1080.46, 1265.67
 1080.71, 1515.67
 1080.95, 1727.33
 1081.19, 1495.67
 1081.44, 1440.00
 1081.68, 1530.00
 1081.92, 1637.67
 1082.17, 1503.00
 1082.41, 1280.67
 1082.65, 1399.67
 1082.90, 1609.67
 1083.14, 1532.33
 1083.38, 1398.33
 1083.63, 1435.67
 1083.87, 1561.67
 1084.11, 1571.67
 1084.36, 1414.67
 1084.60, 1503.67
 1084.84, 1623.00
 1085.09, 1513.67
 1085.33, 1348.00
 1085.57, 1435.00
 1085.81, 1646.67
 1086.06, 1527.67
 1086.30, 1369.00
 1086.54, 1478.67
 1086.79, 1661.00
 1087.03, 1588.67
 1087.27, 1509.67
 1087.52, 1471.33
 1087.76, 1599.67
 1088.00, 1595.00
 1088.25, 1429.67
 1088.49, 1464.00
 1088.73, 1643.33
 1088.98, 1611.00
 1089.22, 1296.33
 1089.46, 1367.33
 1089.71, 1581.67
 1089.95, 1582.33
 1090.19, 1320.33
 1090.43, 1340.00
 1090.68, 1678.67
 1090.92, 1749.33
 1091.16, 1331.67
 1091.41, 1320.33
 1091.65, 1635.00
 1091.89, 1679.00
 1092.14, 1381.67
 1092.38, 1404.33
 1092.62, 1664.00
 1092.86, 1579.67
 1093.11, 1393.00
 1093.35, 1481.00
 1093.59, 1566.00
 1093.84, 1489.67
 1094.08, 1331.33
 1094.32, 1325.67
 1094.56, 1619.33
 1094.81, 1578.67
 1095.05, 1376.67
 1095.29, 1396.00
 1095.54, 1588.33
 1095.78, 1623.00
 1096.02, 1384.00
 1096.26, 1478.33
 1096.51, 1590.00
 1096.75, 1471.33
 1096.99, 1409.67
 1097.24, 1442.33
 1097.48, 1575.33
 1097.72, 1503.67
 1097.96, 1266.67
 1098.21, 1297.00
 1098.45, 1503.67
 1098.69, 1572.33
 1098.93, 1337.67
 1099.18, 1374.33
 1099.42, 1635.00
 1099.66, 1647.33
 1099.90, 1356.00
 1100.15, 1417.00
 1100.39, 1600.33
 1100.63, 1462.33
 1100.88, 1294.33
 1101.12, 1366.00
 1101.36, 1592.33
 1101.60, 1516.00
 1101.85, 1406.00
 1102.09, 1491.00
 1102.33, 1681.67
 1102.57, 1654.00
 1102.82, 1472.33
 1103.06, 1448.00
 1103.30, 1751.67
 1103.54, 1634.33
 1103.79, 1423.67
 1104.03, 1468.33
 1104.27, 1657.33
 1104.51, 1611.33
 1104.76, 1297.67
 1105.00, 1367.67
 1105.24, 1634.67
 1105.48, 1480.00
 1105.73, 1413.00
 1105.97, 1679.67
 1106.21, 1713.00
 1106.45, 1562.00
 1106.70, 1225.33
 1106.94, 1320.00
 1107.18, 1496.00
 1107.42, 1431.00
 1107.66, 1249.67
 1107.91, 1361.00
 1108.15, 1715.00
 1108.39, 1610.33
 1108.63, 1441.67
 1108.88, 1507.33
 1109.12, 1639.67
 1109.36, 1602.00
 1109.60, 1327.67
 1109.85, 1299.33
 1110.09, 1496.33
 1110.33, 1516.00
 1110.57, 1264.00
 1110.81, 1409.00
 1111.06, 1638.00
 1111.30, 1499.67
 1111.54, 1362.67
 1111.78, 1555.33
 1112.03, 1662.00
 1112.27, 1529.00
 1112.51, 1339.33
 1112.75, 1460.33
 1112.99, 1522.00
 1113.24, 1371.00
 1113.48, 1236.00
 1113.72, 1409.67
 1113.96, 1563.33
 1114.20, 1522.33
 1114.45, 1420.33
 1114.69, 1510.33
 1114.93, 1539.33
 1115.17, 1491.00
 1115.41, 1295.67
 1115.66, 1408.67
 1115.90, 1640.00
 1116.14, 1661.33
 1116.38, 1427.33
 1116.62, 1439.67
 1116.87, 1754.33
 1117.11, 1606.67
 1117.35, 1317.67
 1117.59, 1329.33
 1117.83, 1602.67
 1118.08, 1553.67
 1118.32, 1402.67
 1118.56, 1541.33
 1118.80, 1699.33
 1119.04, 1480.00
 1119.29, 1286.00
 1119.53, 1351.67
 1119.77, 1576.67
 1120.01, 1587.33
 1120.25, 1350.67
 1120.49, 1501.00
 1120.74, 1699.33
 1120.98, 1596.00
 1121.22, 1349.33
 1121.46, 1374.67
 1121.70, 1641.33
 1121.94, 1691.67
 1122.19, 1404.33
 1122.43, 1500.00
 1122.67, 1696.67
 1122.91, 1563.33
 1123.15, 1324.67
 1123.40, 1504.00
 1123.64, 1675.67
 1123.88, 1537.33
 1124.12, 1448.33
 1124.36, 1400.00
 1124.60, 1539.00
 1124.85, 1473.67
 1125.09, 1258.00
 1125.33, 1415.33
 1125.57, 1728.33
 1125.81, 1603.33
 1126.05, 1366.00
 1126.29, 1459.00
 1126.54, 1705.67
 1126.78, 1587.00
 1127.02, 1381.33
 1127.26, 1331.00
 1127.50, 1585.67
 1127.74, 1536.33
 1127.99, 1392.00
 1128.23, 1407.67
 1128.47, 1674.33
 1128.71, 1616.33
 1128.95, 1386.33
 1129.19, 1331.00
 1129.43, 1534.00
 1129.68, 1540.33
 1129.92, 1412.33
 1130.16, 1436.33
 1130.40, 1591.33
 1130.64, 1605.67
 1130.88, 1402.33
 1131.12, 1507.00
 1131.37, 1849.33
 1131.61, 1586.33
 1131.85, 1345.00
 1132.09, 1386.00
 1132.33, 1674.00
 1132.57, 1605.00
 1132.81, 1261.67
 1133.05, 1363.33
 1133.30, 1605.67
 1133.54, 1603.33
 1133.78, 1449.67
 1134.02, 1429.33
 1134.26, 1577.33
 1134.50, 1514.67
 1134.74, 1374.67
 1134.98, 1360.00
 1135.23, 1585.00
 1135.47, 1460.67
 1135.71, 1263.00
 1135.95, 1418.00
 1136.19, 1610.00
 1136.43, 1507.33
 1136.67, 1351.00
 1136.91, 1484.67
 1137.16, 1660.67
 1137.40, 1619.67
 1137.64, 1321.67
 1137.88, 1381.67
 1138.12, 1667.00
 1138.36, 1529.00
 1138.60, 1281.67
 1138.84, 1374.67
 1139.08, 1584.33
 1139.32, 1433.33
 1139.57, 1261.33
 1139.81, 1343.33
 1140.05, 1557.67
 1140.29, 1562.67
 1140.53, 1409.67
 1140.77, 1481.67
 1141.01, 1706.33
 1141.25, 1575.67
 1141.49, 1443.67
 1141.73, 1528.67
 1141.98, 1614.33
 1142.22, 1501.33
 1142.46, 1310.00
 1142.70, 1300.67
 1142.94, 1463.00
 1143.18, 1445.00
 1143.42, 1348.00
 1143.66, 1470.33
 1143.90, 1686.00
 1144.14, 1512.00
 1144.38, 1275.00
 1144.63, 1345.00
 1144.87, 1707.00
 1145.11, 1573.33
 1145.35, 1328.00
 1145.59, 1474.00
 1145.83, 1764.33
 1146.07, 1582.33
 1146.31, 1348.33
 1146.55, 1448.33
 1146.79, 1641.00
 1147.03, 1483.67
 1147.27, 1315.67
 1147.51, 1478.33
 1147.75, 1641.00
 1148.00, 1558.67
 1148.24, 1231.67
 1148.48, 1460.00
 1148.72, 1772.00
 1148.96, 1457.67
 1149.20, 1239.67
 1149.44, 1426.00
 1149.68, 1711.00
 1149.92, 1526.67
 1150.16, 1366.67
 1150.40, 1448.33
 1150.64, 1752.33
 1150.88, 1553.67
 1151.12, 1340.33
 1151.36, 1493.67
 1151.60, 1736.67
 1151.84, 1596.67
 1152.09, 1358.33
 1152.33, 1527.33
 1152.57, 1738.00
 1152.81, 1591.00
 1153.05, 1250.33
 1153.29, 1383.67
 1153.53, 1739.67
 1153.77, 1641.00
 1154.01, 1420.00
 1154.25, 1609.67
 1154.49, 1778.00
 1154.73, 1623.33
 1154.97, 1390.67
 1155.21, 1444.67
 1155.45, 1657.67
 1155.69, 1586.67
 1155.93, 1341.00
 1156.17, 1410.67
 1156.41, 1722.33
 1156.65, 1545.33
 1156.89, 1229.33
 1157.13, 1444.00
 1157.37, 1662.67
 1157.61, 1575.00
 1157.85, 1331.00
 1158.09, 1390.00
 1158.33, 1594.33
 1158.58, 1516.33
 1158.82, 1283.67
 1159.06, 1435.33
 1159.30, 1604.33
 1159.54, 1616.67
 1159.78, 1595.33
 1160.02, 1812.67
 1160.26, 1699.67
 1160.50, 1612.67
 1160.74, 1361.67
 1160.98, 1477.67
 1161.22, 1615.33
 1161.46, 1549.67
 1161.70, 1307.67
 1161.94, 1387.67
 1162.18, 1691.33
 1162.42, 1693.33
 1162.66, 1296.00
 1162.90, 1405.00
 1163.14, 1780.33
 1163.38, 1684.00
 1163.62, 1283.33
 1163.86, 1351.67
 1164.10, 1584.33
 1164.34, 1531.00
 1164.58, 1234.67
 1164.82, 1384.67
 1165.06, 1683.67
 1165.30, 1663.33
 1165.54, 1316.33
 1165.78, 1406.00
 1166.02, 1669.33
 1166.26, 1489.67
 1166.50, 1289.00
 1166.74, 1456.67
 1166.98, 1706.67
 1167.22, 1552.33
 1167.46, 1307.67
 1167.70, 1425.00
 1167.94, 1663.33
 1168.18, 1604.00
 1168.42, 1408.33
 1168.66, 1473.33
 1168.90, 1792.67
 1169.14, 1597.33
 1169.38, 1355.33
 1169.61, 1451.67
 1169.85, 1743.00
 1170.09, 1617.00
 1170.33, 1293.33
 1170.57, 1479.67
 1170.81, 1799.67
 1171.05, 1733.67
 1171.29, 1345.33
 1171.53, 1469.00
 1171.77, 1732.67
 1172.01, 1647.67
 1172.25, 1351.67
 1172.49, 1396.33
 1172.73, 1733.67
 1172.97, 1641.33
 1173.21, 1460.00
 1173.45, 1428.00
 1173.69, 1737.67
 1173.93, 1581.67
 1174.17, 1333.00
 1174.41, 1465.33
 1174.65, 1675.33
 1174.89, 1572.33
 1175.13, 1262.33
 1175.37, 1353.00
 1175.61, 1682.67
 1175.85, 1667.67
 1176.08, 1271.33
 1176.32, 1480.00
 1176.56, 1824.33
 1176.80, 1622.67
 1177.04, 1360.33
 1177.28, 1519.00
 1177.52, 1790.67
 1177.76, 1628.67
 1178.00, 1464.33
 1178.24, 1491.33
 1178.48, 1721.33
 1178.72, 1665.00
 1178.96, 1300.33
 1179.20, 1346.67
 1179.44, 1743.33
 1179.68, 1648.00
 1179.92, 1349.00
 1180.15, 1485.67
 1180.39, 1761.00
 1180.63, 1672.67
 1180.87, 1396.00
 1181.11, 1587.33
 1181.35, 1902.67
 1181.59, 1767.33
 1181.83, 1327.67
 1182.07, 1433.33
 1182.31, 1656.33
 1182.55, 1541.67
 1182.79, 1282.00
 1183.03, 1428.00
 1183.26, 1697.00
 1183.50, 1646.33
 1183.74, 1349.33
 1183.98, 1440.33
 1184.22, 1724.33
 1184.46, 1712.67
 1184.70, 1448.00
 1184.94, 1472.33
 1185.18, 1654.33
 1185.42, 1533.33
 1185.66, 1218.00
 1185.89, 1307.33
 1186.13, 1638.33
 1186.37, 1597.67
 1186.61, 1247.00
 1186.85, 1399.67
 1187.09, 1680.33
 1187.33, 1524.67
 1187.57, 1250.00
 1187.81, 1405.33
 1188.05, 1681.67
 1188.29, 1542.33
 1188.52, 1218.33
 1188.76, 1370.67
 1189.00, 1636.00
 1189.24, 1488.67
 1189.48, 1272.67
 1189.72, 1434.67
 1189.96, 1677.00
 1190.20, 1554.00
 1190.44, 1196.67
 1190.67, 1399.67
 1190.91, 1686.00
 1191.15, 1509.00
 1191.39, 1200.00
 1191.63, 1354.00
 1191.87, 1606.00
 1192.11, 1510.67
 1192.35, 1293.00
 1192.58, 1479.33
 1192.82, 1740.67
 1193.06, 1562.33
 1193.30, 1294.67
 1193.54, 1529.00
 1193.78, 1840.33
 1194.02, 1654.67
 1194.26, 1389.00
 1194.49, 1409.00
 1194.73, 1652.33
 1194.97, 1572.67
 1195.21, 1283.67
 1195.45, 1377.33
 1195.69, 1659.33
 1195.93, 1592.67
 1196.17, 1271.33
 1196.40, 1371.33
 1196.64, 1703.67
 1196.88, 1632.67
 1197.12, 1428.33
 1197.36, 1362.67
 1197.60, 1623.67
 1197.84, 1562.67
 1198.07, 1501.33
 1198.31, 1525.33
 1198.55, 1730.00
 1198.79, 1526.67
 1199.03, 1267.33
 1199.27, 1455.67
 1199.51, 1621.33
 1199.74, 1505.33
 1199.98, 1353.67
 1200.22, 1390.00
 1200.46, 1741.33
 1200.70, 1642.67
 1200.94, 1280.67
 1201.17, 1541.33
 1201.41, 1782.33
 1201.65, 1626.33
 1201.89, 1396.33
 1202.13, 1396.33
 1202.37, 1676.00
 1202.60, 1515.00
 1202.84, 1390.67
 1203.08, 1394.00
 1203.32, 1677.00
 1203.56, 1508.00
 1203.80, 1299.00
 1204.03, 1503.67
 1204.27, 1669.67
 1204.51, 1503.67
 1204.75, 1247.67
 1204.99, 1316.33
 1205.23, 1692.00
 1205.46, 1552.33
 1205.70, 1233.33
 1205.94, 1359.33
 1206.18, 1628.33
 1206.42, 1587.33
 1206.65, 1324.67
 1206.89, 1430.67
 1207.13, 1626.00
 1207.37, 1565.00
 1207.61, 1351.33
 1207.85, 1431.00
 1208.08, 1618.00
 1208.32, 1560.33
 1208.56, 1335.00
 1208.80, 1342.67
 1209.04, 1581.67
 1209.27, 1490.00
 1209.51, 1233.33
 1209.75, 1440.00
 1209.99, 1714.67
 1210.23, 1452.33
 1210.46, 1206.33
 1210.70, 1408.00
 1210.94, 1661.67
 1211.18, 1404.67
 1211.42, 1205.33
 1211.65, 1629.67
 1211.89, 2096.67
 1212.13, 1629.67
 1212.37, 1385.33
 1212.61, 1396.67
 1212.84, 1671.33
 1213.08, 1556.33
 1213.32, 1260.00
 1213.56, 1347.33
 1213.80, 1673.00
 1214.03, 1608.67
 1214.27, 1375.33
 1214.51, 1507.00
 1214.75, 1846.00
 1214.98, 1697.33
 1215.22, 1346.67
 1215.46, 1362.67
 1215.70, 1659.00
 1215.94, 1539.00
 1216.17, 1366.33
 1216.41, 1379.67
 1216.65, 1692.00
 1216.89, 1672.33
 1217.12, 1261.33
 1217.36, 1378.33
 1217.60, 1786.33
 1217.84, 1700.33
 1218.08, 1481.00
 1218.31, 1766.67
 1218.55, 1843.67
 1218.79, 1543.00
 1219.03, 1244.00
 1219.26, 1367.33
 1219.50, 1655.00
 1219.74, 1601.00
 1219.98, 1257.00
 1220.21, 1382.00
 1220.45, 1673.00
 1220.69, 1618.67
 1220.93, 1491.00
 1221.16, 1590.00
 1221.40, 1665.00
 1221.64, 1677.00
 1221.88, 1477.67
 1222.11, 1442.67
 1222.35, 1732.67
