  295.67, 1003.00
  295.94, 1003.00
  296.21, 1003.00
  296.48,  986.00
  296.75, 1095.00
  297.02, 1375.00
  297.28, 1522.00
  297.55, 1810.00
  297.82, 1716.00
  298.09, 1320.00
  298.36, 1460.00
  298.63, 1715.00
  298.89, 1564.00
  299.16, 1394.00
  299.43, 1512.00
  299.70, 1694.00
  299.97, 1495.00
  300.23, 1303.00
  300.50, 1473.00
  300.77, 1779.00
  301.04, 1655.00
  301.31, 1414.00
  301.58, 1460.00
  301.84, 1820.00
  302.11, 1739.00
  302.38, 1421.00
  302.65, 1575.00
  302.92, 1897.00
  303.19, 1681.00
  303.45, 1426.00
  303.72, 1353.00
  303.99, 1553.00
  304.26, 1508.00
  304.53, 1377.00
  304.79, 1551.00
  305.06, 1734.00
  305.33, 1639.00
  305.60, 1486.00
  305.87, 1579.00
  306.13, 1723.00
  306.40, 1566.00
  306.67, 1437.00
  306.94, 1547.00
  307.21, 1668.00
  307.48, 1605.00
  307.74, 1456.00
  308.01, 1426.00
  308.28, 1679.00
  308.55, 1679.00
  308.82, 1511.00
  309.08, 1514.00
  309.35, 1851.00
  309.62, 1582.00
  309.89, 1362.00
  310.16, 1399.00
  310.42, 1565.00
  310.69, 1479.00
  310.96, 1257.00
  311.23, 1390.00
  311.50, 1733.00
  311.76, 1620.00
  312.03, 1420.00
  312.30, 1525.00
  312.57, 1689.00
  312.84, 1520.00
  313.10, 1281.00
  313.37, 1431.00
  313.64, 1725.00
  313.91, 1798.00
  314.18, 1388.00
  314.44, 1520.00
  314.71, 1656.00
  314.98, 1567.00
  315.25, 1368.00
  315.52, 1582.00
  315.78, 1775.00
  316.05, 1563.00
  316.32, 1345.00
  316.59, 1409.00
  316.85, 1685.00
  317.12, 1528.00
  317.39, 1323.00
  317.66, 1375.00
  317.93, 1686.00
  318.19, 1624.00
  318.46, 1360.00
  318.73, 1379.00
  319.00, 1577.00
  319.26, 1581.00
  319.53, 1392.00
  319.80, 1510.00
  320.07, 1796.00
  320.34, 1721.00
  320.60, 1330.00
  320.87, 1410.00
  321.14, 1633.00
  321.41, 1590.00
  321.67, 1424.00
  321.94, 1529.00
  322.21, 1667.00
  322.48, 1645.00
  322.75, 1523.00
  323.01, 1573.00
  323.28, 1728.00
  323.55, 1670.00
  323.82, 1339.00
  324.08, 1530.00
  324.35, 1641.00
  324.62, 1568.00
  324.89, 1368.00
  325.15, 1398.00
  325.42, 1657.00
  325.69, 1744.00
  325.96, 1515.00
  326.23, 1646.00
  326.49, 1896.00
  326.76, 1741.00
  327.03, 1439.00
  327.30, 1620.00
  327.56, 1909.00
  327.83, 1663.00
  328.10, 1402.00
  328.37, 1534.00
  328.63, 1692.00
  328.90, 1610.00
  329.17, 1336.00
  329.44, 1498.00
  329.70, 1715.00
  329.97, 1582.00
  330.24, 1396.00
  330.51, 1493.00
  330.77, 1667.00
  331.04, 1545.00
  331.31, 1291.00
  331.58, 1472.00
  331.84, 1661.00
  332.11, 1693.00
  332.38, 1420.00
  332.65, 1468.00
  332.91, 1648.00
  333.18, 1561.00
  333.45, 1333.00
  333.72, 1473.00
  333.98, 1630.00
  334.25, 1541.00
  334.52, 1378.00
  334.79, 1431.00
  335.05, 1677.00
  335.32, 1547.00
  335.59, 1386.00
  335.86, 1440.00
  336.12, 1691.00
  336.39, 1592.00
  336.66, 1494.00
  336.93, 1566.00
  337.19, 1658.00
  337.46, 1538.00
  337.73, 1410.00
  337.99, 1505.00
  338.26, 1688.00
  338.53, 1616.00
  338.80, 1388.00
  339.06, 1432.00
  339.33, 1678.00
  339.60, 1601.00
  339.87, 1339.00
  340.13, 1402.00
  340.40, 1629.00
  340.67, 1543.00
  340.93, 1299.00
  341.20, 1369.00
  341.47, 1716.00
  341.74, 1865.00
  342.00, 1762.00
  342.27, 1471.00
  342.54, 1678.00
  342.81, 1560.00
  343.07, 1392.00
  343.34, 1633.00
  343.61, 1784.00
  343.87, 1590.00
  344.14, 1545.00
  344.41, 1425.00
  344.68, 1599.00
  344.94, 1527.00
  345.21, 1310.00
  345.48, 1403.00
  345.74, 1668.00
  346.01, 1525.00
  346.28, 1375.00
  346.55, 1514.00
  346.81, 1785.00
  347.08, 1571.00
  347.35, 1317.00
  347.61, 1441.00
  347.88, 1659.00
  348.15, 1589.00
  348.42, 1401.00
  348.68, 1567.00
  348.95, 1634.00
  349.22, 1530.00
  349.48, 1262.00
  349.75, 1326.00
  350.02, 1588.00
  350.28, 1671.00
  350.55, 1483.00
  350.82, 1514.00
  351.09, 1624.00
  351.35, 1601.00
  351.62, 1443.00
  351.89, 1433.00
  352.15, 1699.00
  352.42, 1721.00
  352.69, 1488.00
  352.95, 1578.00
  353.22, 1637.00
  353.49, 1619.00
  353.76, 1339.00
  354.02, 1541.00
  354.29, 1655.00
  354.56, 1650.00
  354.82, 1504.00
  355.09, 1393.00
  355.36, 1709.00
  355.62, 1669.00
  355.89, 1372.00
  356.16, 1443.00
  356.42, 1753.00
  356.69, 1606.00
  356.96, 1457.00
  357.22, 1536.00
  357.49, 1725.00
  357.76, 1600.00
  358.03, 1288.00
  358.29, 1402.00
  358.56, 1634.00
  358.83, 1614.00
  359.09, 1315.00
  359.36, 1507.00
  359.63, 1699.00
  359.89, 1490.00
  360.16, 1341.00
  360.43, 1451.00
  360.69, 1670.00
  360.96, 1563.00
  361.23, 1388.00
  361.49, 1548.00
  361.76, 1719.00
  362.03, 1623.00
  362.29, 1381.00
  362.56, 1502.00
  362.83, 1616.00
  363.09, 1484.00
  363.36, 1356.00
  363.63, 1436.00
  363.89, 1622.00
  364.16, 1609.00
  364.43, 1294.00
  364.69, 1369.00
  364.96, 1658.00
  365.23, 1533.00
  365.49, 1320.00
  365.76, 1456.00
  366.03, 1604.00
  366.29, 1566.00
  366.56, 1382.00
  366.83, 1460.00
  367.09, 1689.00
  367.36, 1556.00
  367.63, 1333.00
  367.89, 1466.00
  368.16, 1701.00
  368.43, 1607.00
  368.69, 1405.00
  368.96, 1437.00
  369.23, 1638.00
  369.49, 1591.00
  369.76, 1334.00
  370.03, 1444.00
  370.29, 1779.00
  370.56, 1604.00
  370.82, 1388.00
  371.09, 1457.00
  371.36, 1740.00
  371.62, 1658.00
  371.89, 1405.00
  372.16, 1427.00
  372.42, 1846.00
  372.69, 1748.00
  372.96, 1346.00
  373.22, 1368.00
  373.49, 1633.00
  373.76, 1558.00
  374.02, 1337.00
  374.29, 1415.00
  374.55, 1697.00
  374.82, 1630.00
  375.09, 1361.00
  375.35, 1421.00
  375.62, 1646.00
  375.89, 1611.00
  376.15, 1415.00
  376.42, 1381.00
  376.69, 1574.00
  376.95, 1544.00
  377.22, 1395.00
  377.48, 1457.00
  377.75, 1642.00
  378.02, 1517.00
  378.28, 1338.00
  378.55, 1563.00
  378.82, 1881.00
  379.08, 1617.00
  379.35, 1376.00
  379.62, 1503.00
  379.88, 1690.00
  380.15, 1638.00
  380.41, 1461.00
  380.68, 1483.00
  380.95, 1690.00
  381.21, 1625.00
  381.48, 1306.00
  381.74, 1502.00
  382.01, 1680.00
  382.28, 1453.00
  382.54, 1240.00
  382.81, 1340.00
  383.08, 1636.00
  383.34, 1549.00
  383.61, 1390.00
  383.87, 1508.00
  384.14, 1671.00
  384.41, 1501.00
  384.67, 1337.00
  384.94, 1491.00
  385.21, 1651.00
  385.47, 1531.00
  385.74, 1280.00
  386.00, 1479.00
  386.27, 1693.00
  386.54, 1563.00
  386.80, 1433.00
  387.07, 1448.00
  387.33, 1702.00
  387.60, 1594.00
  387.87, 1341.00
  388.13, 1544.00
  388.40, 1613.00
  388.66, 1807.00
  388.93, 1961.00
  389.20, 1444.00
  389.46, 1695.00
  389.73, 1529.00
  389.99, 1343.00
  390.26, 1534.00
  390.53, 1787.00
  390.79, 1756.00
  391.06, 1545.00
  391.32, 1521.00
  391.59, 1689.00
  391.86, 1672.00
  392.12, 1433.00
  392.39, 1607.00
  392.65, 1657.00
  392.92, 1628.00
  393.19, 1455.00
  393.45, 1639.00
  393.72, 1683.00
  393.98, 1613.00
  394.25, 1323.00
  394.52, 1538.00
  394.78, 1751.00
  395.05, 1597.00
  395.31, 1377.00
  395.58, 1497.00
  395.84, 1740.00
  396.11, 1610.00
  396.38, 1440.00
  396.64, 1427.00
  396.91, 1634.00
  397.17, 1617.00
  397.44, 1381.00
  397.71, 1400.00
  397.97, 1591.00
  398.24, 1631.00
  398.50, 1409.00
  398.77, 1438.00
  399.03, 1689.00
  399.30, 1636.00
  399.57, 1476.00
  399.83, 1447.00
  400.10, 1700.00
  400.36, 1554.00
  400.63, 1420.00
  400.89, 1474.00
  401.16, 1768.00
  401.43, 1658.00
  401.69, 1436.00
  401.96, 1482.00
  402.22, 1594.00
  402.49, 1533.00
  402.75, 1284.00
  403.02, 1404.00
  403.29, 1750.00
  403.55, 1616.00
  403.82, 1380.00
  404.08, 1494.00
  404.35, 1594.00
  404.61, 1570.00
  404.88, 1362.00
  405.14, 1475.00
  405.41, 1750.00
  405.68, 1676.00
  405.94, 1436.00
  406.21, 1380.00
  406.47, 1640.00
  406.74, 1629.00
  407.00, 1399.00
  407.27, 1462.00
  407.53, 1718.00
  407.80, 1715.00
  408.07, 1357.00
  408.33, 1495.00
  408.60, 1726.00
  408.86, 1563.00
  409.13, 1406.00
  409.39, 1544.00
  409.66, 1707.00
  409.92, 1576.00
  410.19, 1316.00
  410.46, 1486.00
  410.72, 1605.00
  410.99, 1498.00
  411.25, 1308.00
  411.52, 1399.00
  411.78, 1712.00
  412.05, 1751.00
  412.31, 1466.00
  412.58, 1408.00
  412.84, 1634.00
  413.11, 1673.00
  413.37, 1509.00
  413.64, 1475.00
  413.91, 1608.00
  414.17, 1532.00
  414.44, 1281.00
  414.70, 1373.00
  414.97, 1484.00
  415.23, 1505.00
  415.50, 1376.00
  415.76, 1478.00
  416.03, 1693.00
  416.29, 1594.00
  416.56, 1420.00
  416.82, 1531.00
  417.09, 1790.00
  417.35, 1659.00
  417.62, 1292.00
  417.89, 1435.00
  418.15, 1669.00
  418.42, 1606.00
  418.68, 1432.00
  418.95, 1520.00
  419.21, 1649.00
  419.48, 1457.00
  419.74, 1242.00
  420.01, 1400.00
  420.27, 1580.00
  420.54, 1623.00
  420.80, 1509.00
  421.07, 1653.00
  421.33, 1869.00
  421.60, 1560.00
  421.86, 1305.00
  422.13, 1502.00
  422.39, 1744.00
  422.66, 1584.00
  422.92, 1374.00
  423.19, 1529.00
  423.45, 1789.00
  423.72, 1674.00
  423.98, 1428.00
  424.25, 1506.00
  424.51, 1848.00
  424.78, 1702.00
  425.04, 1436.00
  425.31, 1543.00
  425.58, 1591.00
  425.84, 1585.00
  426.11, 1303.00
  426.37, 1412.00
  426.64, 1731.00
  426.90, 1685.00
  427.17, 1366.00
  427.43, 1382.00
  427.70, 1687.00
  427.96, 1648.00
  428.23, 1490.00
  428.49, 1565.00
  428.76, 1570.00
  429.02, 1548.00
  429.29, 1350.00
  429.55, 1422.00
  429.82, 1668.00
  430.08, 1707.00
  430.34, 1491.00
  430.61, 1566.00
  430.87, 1765.00
  431.14, 1465.00
  431.40, 1292.00
  431.67, 1540.00
  431.93, 1718.00
  432.20, 1592.00
  432.46, 1397.00
  432.73, 1471.00
  432.99, 1782.00
  433.26, 1673.00
  433.52, 1488.00
  433.79, 1694.00
  434.05, 1702.00
  434.32, 1534.00
  434.58, 1356.00
  434.85, 1449.00
  435.11, 1738.00
  435.38, 1568.00
  435.64, 1356.00
  435.91, 1567.00
  436.17, 1783.00
  436.44, 1557.00
  436.70, 1443.00
  436.97, 1516.00
  437.23, 1748.00
  437.50, 1683.00
  437.76, 1428.00
  438.02, 1474.00
  438.29, 1635.00
  438.55, 1616.00
  438.82, 1365.00
  439.08, 1352.00
  439.35, 1668.00
  439.61, 1653.00
  439.88, 1322.00
  440.14, 1367.00
  440.41, 1671.00
  440.67, 1616.00
  440.94, 1374.00
  441.20, 1567.00
  441.47, 1724.00
  441.73, 1586.00
  441.99, 1407.00
  442.26, 1465.00
  442.52, 1704.00
  442.79, 1655.00
  443.05, 1325.00
  443.32, 1292.00
  443.58, 1584.00
  443.85, 1535.00
  444.11, 1282.00
  444.38, 1446.00
  444.64, 1792.00
  444.91, 1661.00
  445.17, 1373.00
  445.43, 1464.00
  445.70, 1592.00
  445.96, 1501.00
  446.23, 1323.00
  446.49, 1374.00
  446.76, 1675.00
  447.02, 1677.00
  447.29, 1424.00
  447.55, 1435.00
  447.81, 1689.00
  448.08, 1583.00
  448.34, 1400.00
  448.61, 1423.00
  448.87, 1691.00
  449.14, 1586.00
  449.40, 1336.00
  449.67, 1508.00
  449.93, 1732.00
  450.19, 1619.00
  450.46, 1487.00
  450.72, 1580.00
  450.99, 1754.00
  451.25, 1597.00
  451.52, 1332.00
  451.78, 1445.00
  452.05, 1667.00
  452.31, 1487.00
  452.57, 1358.00
  452.84, 1428.00
  453.10, 1583.00
  453.37, 1453.00
  453.63, 1236.00
  453.90, 1384.00
  454.16, 1756.00
  454.42, 1540.00
  454.69, 1323.00
  454.95, 1411.00
  455.22, 1580.00
  455.48, 1567.00
  455.75, 1376.00
  456.01, 1341.00
  456.27, 1663.00
  456.54, 1724.00
  456.80, 1478.00
  457.07, 1492.00
  457.33, 1570.00
  457.59, 1500.00
  457.86, 1429.00
  458.12, 1533.00
  458.39, 1681.00
  458.65, 1580.00
  458.92, 1443.00
  459.18, 1567.00
  459.44, 1703.00
  459.71, 1662.00
  459.97, 1361.00
  460.24, 1320.00
  460.50, 1577.00
  460.76, 1534.00
  461.03, 1518.00
  461.29, 1623.00
  461.56, 1628.00
  461.82, 1530.00
  462.09, 1389.00
  462.35, 1446.00
  462.61, 1715.00
  462.88, 1753.00
  463.14, 1326.00
  463.41, 1362.00
  463.67, 1590.00
  463.93, 1661.00
  464.20, 1404.00
  464.46, 1501.00
  464.73, 1685.00
  464.99, 1489.00
  465.25, 1231.00
  465.52, 1415.00
  465.78, 1747.00
  466.05, 1775.00
  466.31, 1486.00
  466.57, 1428.00
  466.84, 1686.00
  467.10, 1566.00
  467.37, 1295.00
  467.63, 1497.00
  467.89, 1733.00
  468.16, 1576.00
  468.42, 1410.00
  468.68, 1434.00
  468.95, 1699.00
  469.21, 1685.00
  469.48, 1335.00
  469.74, 1343.00
  470.00, 1509.00
  470.27, 1466.00
  470.53, 1332.00
  470.80, 1450.00
  471.06, 1662.00
  471.32, 1608.00
  471.59, 1343.00
  471.85, 1448.00
  472.11, 1568.00
  472.38, 1632.00
  472.64, 1508.00
  472.91, 1518.00
  473.17, 1725.00
  473.43, 1625.00
  473.70, 1584.00
  473.96, 1775.00
  474.22, 1721.00
  474.49, 1741.00
  474.75, 1496.00
  475.02, 1442.00
  475.28, 1697.00
  475.54, 1764.00
  475.81, 1414.00
  476.07, 1438.00
  476.33, 1625.00
  476.60, 1600.00
  476.86, 1365.00
  477.13, 1402.00
  477.39, 1642.00
  477.65, 1509.00
  477.92, 1347.00
  478.18, 1412.00
  478.44, 1614.00
  478.71, 1613.00
  478.97, 1333.00
  479.23, 1457.00
  479.50, 1613.00
  479.76, 1456.00
  480.03, 1367.00
  480.29, 1629.00
  480.55, 1778.00
  480.82, 1718.00
  481.08, 1410.00
  481.34, 1428.00
  481.61, 1622.00
  481.87, 1539.00
  482.13, 1372.00
  482.40, 1566.00
  482.66, 1703.00
  482.92, 1536.00
  483.19, 1531.00
  483.45, 1556.00
  483.71, 1636.00
  483.98, 1639.00
  484.24, 1367.00
  484.51, 1436.00
  484.77, 1710.00
  485.03, 1605.00
  485.30, 1350.00
  485.56, 1441.00
  485.82, 1675.00
  486.09, 1590.00
  486.35, 1312.00
  486.61, 1453.00
  486.88, 1611.00
  487.14, 1556.00
  487.40, 1280.00
  487.67, 1480.00
  487.93, 1823.00
  488.19, 1592.00
  488.46, 1373.00
  488.72, 1586.00
  488.98, 1743.00
  489.25, 1594.00
  489.51, 1352.00
  489.77, 1442.00
  490.04, 1697.00
  490.30, 1581.00
  490.56, 1395.00
  490.83, 1540.00
  491.09, 1616.00
  491.35, 1508.00
  491.62, 1363.00
  491.88, 1420.00
  492.14, 1640.00
  492.41, 1556.00
  492.67, 1358.00
  492.93, 1458.00
  493.20, 1705.00
  493.46, 1834.00
  493.72, 1449.00
  493.98, 1417.00
  494.25, 1754.00
  494.51, 1560.00
  494.77, 1379.00
  495.04, 1370.00
  495.30, 1702.00
  495.56, 1588.00
  495.83, 1323.00
  496.09, 1336.00
  496.35, 1561.00
  496.62, 1539.00
  496.88, 1321.00
  497.14, 1414.00
  497.41, 1657.00
  497.67, 1499.00
  497.93, 1314.00
  498.19, 1553.00
  498.46, 1686.00
  498.72, 1623.00
  498.98, 1373.00
  499.25, 1389.00
  499.51, 1676.00
  499.77, 1616.00
  500.04, 1373.00
  500.30, 1389.00
  500.56, 1671.00
  500.83, 1593.00
  501.09, 1251.00
  501.35, 1373.00
  501.61, 1633.00
  501.88, 1530.00
  502.14, 1326.00
  502.40, 1450.00
  502.67, 1757.00
  502.93, 1572.00
  503.19, 1349.00
  503.45, 1423.00
  503.72, 1653.00
  503.98, 1586.00
  504.24, 1334.00
  504.51, 1386.00
  504.77, 1622.00
  505.03, 1646.00
  505.30, 1341.00
  505.56, 1349.00
  505.82, 1537.00
  506.08, 1542.00
  506.35, 1436.00
  506.61, 1572.00
  506.87, 1694.00
  507.14, 1513.00
  507.40, 1319.00
  507.66, 1446.00
  507.92, 1632.00
  508.19, 1588.00
  508.45, 1438.00
  508.71, 1372.00
  508.97, 1650.00
  509.24, 1520.00
  509.50, 1385.00
  509.76, 1447.00
  510.03, 1747.00
  510.29, 1575.00
  510.55, 1318.00
  510.81, 1492.00
  511.08, 1584.00
  511.34, 1555.00
  511.60, 1459.00
  511.86, 1506.00
  512.13, 1615.00
  512.39, 1562.00
  512.65, 1368.00
  512.92, 1390.00
  513.18, 1547.00
  513.44, 1486.00
  513.70, 1306.00
  513.97, 1425.00
  514.23, 1630.00
  514.49, 1567.00
  514.75, 1305.00
  515.02, 1465.00
  515.28, 1683.00
  515.54, 1550.00
  515.80, 1330.00
  516.07, 1364.00
  516.33, 1554.00
  516.59, 1556.00
  516.85, 1339.00
  517.12, 1492.00
  517.38, 1689.00
  517.64, 1582.00
  517.90, 1335.00
  518.17, 1477.00
  518.43, 1601.00
  518.69, 1511.00
  518.95, 1280.00
  519.22, 1494.00
  519.48, 1636.00
  519.74, 1541.00
  520.00, 1282.00
  520.27, 1353.00
  520.53, 1623.00
  520.79, 1598.00
  521.05, 1457.00
  521.32, 1607.00
  521.58, 1639.00
  521.84, 1504.00
  522.10, 1336.00
  522.37, 1522.00
  522.63, 1774.00
  522.89, 1536.00
  523.15, 1466.00
  523.42, 1578.00
  523.68, 1640.00
  523.94, 1617.00
  524.20, 1438.00
  524.47, 1536.00
  524.73, 1663.00
  524.99, 1475.00
  525.25, 1278.00
  525.51, 1434.00
  525.78, 1700.00
  526.04, 1581.00
  526.30, 1368.00
  526.56, 1452.00
  526.83, 1611.00
  527.09, 1494.00
  527.35, 1282.00
  527.61, 1293.00
  527.87, 1493.00
  528.14, 1432.00
  528.40, 1335.00
  528.66, 1595.00
  528.92, 1688.00
  529.19, 1624.00
  529.45, 1347.00
  529.71, 1324.00
  529.97, 1601.00
  530.23, 1534.00
  530.50, 1364.00
  530.76, 1493.00
  531.02, 1648.00
  531.28, 1528.00
  531.55, 1394.00
  531.81, 1560.00
  532.07, 1626.00
  532.33, 1433.00
  532.59, 1312.00
  532.86, 1336.00
  533.12, 1572.00
  533.38, 1477.00
  533.64, 1326.00
  533.90, 1431.00
  534.17, 1814.00
  534.43, 1683.00
  534.69, 1404.00
  534.95, 1456.00
  535.21, 1696.00
  535.48, 1619.00
  535.74, 1352.00
  536.00, 1564.00
  536.26, 1797.00
  536.52, 1544.00
  536.79, 1337.00
  537.05, 1401.00
  537.31, 1621.00
  537.57, 1560.00
  537.83, 1388.00
  538.10, 1329.00
  538.36, 1543.00
  538.62, 1666.00
  538.88, 1593.00
  539.14, 1637.00
  539.41, 1821.00
  539.67, 1585.00
  539.93, 1388.00
  540.19, 1498.00
  540.45, 1637.00
  540.72, 1479.00
  540.98, 1335.00
  541.24, 1488.00
  541.50, 1737.00
  541.76, 1532.00
  542.02, 1400.00
  542.29, 1440.00
  542.55, 1624.00
  542.81, 1648.00
  543.07, 1514.00
  543.33, 1735.00
  543.60, 1765.00
  543.86, 1588.00
  544.12, 1481.00
  544.38, 1367.00
  544.64, 1540.00
  544.90, 1616.00
  545.17, 1340.00
  545.43, 1420.00
  545.69, 1636.00
  545.95, 1732.00
  546.21, 1457.00
  546.47, 1467.00
  546.74, 1584.00
  547.00, 1470.00
  547.26, 1322.00
  547.52, 1492.00
  547.78, 1730.00
  548.04, 1532.00
  548.31, 1447.00
  548.57, 1502.00
  548.83, 1713.00
  549.09, 1571.00
  549.35, 1331.00
  549.61, 1406.00
  549.88, 1575.00
  550.14, 1448.00
  550.40, 1305.00
  550.66, 1378.00
  550.92, 1608.00
  551.18, 1572.00
  551.45, 1361.00
  551.71, 1357.00
  551.97, 1518.00
  552.23, 1469.00
  552.49, 1294.00
  552.75, 1411.00
  553.01, 1596.00
  553.28, 1513.00
  553.54, 1366.00
  553.80, 1491.00
  554.06, 1665.00
  554.32, 1579.00
  554.58, 1395.00
  554.85, 1481.00
  555.11, 1814.00
  555.37, 1652.00
  555.63, 1362.00
  555.89, 1357.00
  556.15, 1666.00
  556.41, 1718.00
  556.68, 1364.00
  556.94, 1297.00
  557.20, 1502.00
  557.46, 1612.00
  557.72, 1516.00
  557.98, 1451.00
  558.24, 1602.00
  558.51, 1522.00
  558.77, 1337.00
  559.03, 1406.00
  559.29, 1521.00
  559.55, 1495.00
  559.81, 1259.00
  560.07, 1384.00
  560.33, 1603.00
  560.60, 1501.00
  560.86, 1365.00
  561.12, 1358.00
  561.38, 1591.00
  561.64, 1532.00
  561.90, 1289.00
  562.16, 1400.00
  562.42, 1608.00
  562.69, 1494.00
  562.95, 1334.00
  563.21, 1402.00
  563.47, 1532.00
  563.73, 1462.00
  563.99, 1289.00
  564.25, 1455.00
  564.51, 1673.00
  564.78, 1547.00
  565.04, 1476.00
  565.30, 1444.00
  565.56, 1680.00
  565.82, 1686.00
  566.08, 1364.00
  566.34, 1444.00
  566.60, 1663.00
  566.86, 1517.00
  567.13, 1412.00
  567.39, 1453.00
  567.65, 1563.00
  567.91, 1564.00
  568.17, 1356.00
  568.43, 1545.00
  568.69, 1907.00
  568.95, 1648.00
  569.21, 1357.00
  569.48, 1525.00
  569.74, 1757.00
  570.00, 1546.00
  570.26, 1352.00
  570.52, 1505.00
  570.78, 1565.00
  571.04, 1629.00
  571.30, 1546.00
  571.56, 1488.00
  571.82, 1530.00
  572.09, 1445.00
  572.35, 1384.00
  572.61, 1567.00
  572.87, 1686.00
  573.13, 1503.00
  573.39, 1292.00
  573.65, 1436.00
  573.91, 1665.00
  574.17, 1619.00
  574.43, 1343.00
  574.69, 1491.00
  574.96, 1590.00
  575.22, 1570.00
  575.48, 1337.00
  575.74, 1356.00
  576.00, 1576.00
  576.26, 1618.00
  576.52, 1312.00
  576.78, 1376.00
  577.04, 1578.00
  577.30, 1464.00
  577.56, 1265.00
  577.82, 1378.00
  578.09, 1579.00
  578.35, 1492.00
  578.61, 1279.00
  578.87, 1413.00
  579.13, 1532.00
  579.39, 1561.00
  579.65, 1375.00
  579.91, 1390.00
  580.17, 1563.00
  580.43, 1512.00
  580.69, 1398.00
  580.95, 1482.00
  581.21, 1585.00
  581.47, 1475.00
  581.74, 1244.00
  582.00, 1357.00
  582.26, 1601.00
  582.52, 1501.00
  582.78, 1380.00
  583.04, 1513.00
  583.30, 1597.00
  583.56, 1494.00
  583.82, 1403.00
  584.08, 1515.00
  584.34, 1672.00
  584.60, 1611.00
  584.86, 1437.00
  585.12, 1392.00
  585.38, 1574.00
  585.64, 1569.00
  585.91, 1422.00
  586.17, 1474.00
  586.43, 1710.00
  586.69, 1763.00
  586.95, 1398.00
  587.21, 1356.00
  587.47, 1571.00
  587.73, 1688.00
  587.99, 1512.00
  588.25, 1618.00
  588.51, 1655.00
  588.77, 1601.00
  589.03, 1402.00
  589.29, 1351.00
  589.55, 1536.00
  589.81, 1524.00
  590.07, 1267.00
  590.33, 1410.00
  590.59, 1696.00
  590.85, 1589.00
  591.11, 1334.00
  591.37, 1471.00
  591.64, 1651.00
  591.90, 1608.00
  592.16, 1322.00
  592.42, 1386.00
  592.68, 1627.00
  592.94, 1516.00
  593.20, 1307.00
  593.46, 1374.00
  593.72, 1572.00
  593.98, 1522.00
  594.24, 1281.00
  594.50, 1392.00
  594.76, 1680.00
  595.02, 1542.00
  595.28, 1441.00
  595.54, 1513.00
  595.80, 1657.00
  596.06, 1456.00
  596.32, 1334.00
  596.58, 1443.00
  596.84, 1680.00
  597.10, 1660.00
  597.36, 1390.00
  597.62, 1461.00
  597.88, 1614.00
  598.14, 1652.00
  598.40, 1492.00
  598.66, 1525.00
  598.92, 1684.00
  599.18, 1507.00
  599.44, 1306.00
  599.70, 1533.00
  599.96, 2011.00
  600.22, 1533.00
  600.48, 1357.00
  600.74, 1437.00
  601.00, 1519.00
  601.26, 1638.00
  601.52, 1510.00
  601.78, 1477.00
  602.04, 1692.00
  602.30, 1650.00
  602.56, 1522.00
  602.82, 1540.00
  603.08, 1649.00
  603.34, 1502.00
  603.60, 1236.00
  603.86, 1347.00
  604.12, 1613.00
  604.38, 1563.00
  604.64, 1311.00
  604.90, 1424.00
  605.16, 1654.00
  605.42, 1579.00
  605.68, 1426.00
  605.94, 1440.00
  606.20, 1607.00
  606.46, 1549.00
  606.72, 1364.00
  606.98, 1346.00
  607.24, 1559.00
  607.50, 1582.00
  607.76, 1301.00
  608.02, 1383.00
  608.28, 1572.00
  608.54, 1455.00
  608.80, 1278.00
  609.06, 1379.00
  609.32, 1614.00
  609.58, 1555.00
  609.84, 1354.00
  610.10, 1390.00
  610.36, 1622.00
  610.62, 1590.00
  610.88, 1255.00
  611.14, 1274.00
  611.40, 1515.00
  611.66, 1545.00
  611.92, 1366.00
  612.18, 1355.00
  612.44, 1582.00
  612.70, 1545.00
  612.96, 1445.00
  613.22, 1435.00
  613.48, 1557.00
  613.74, 1456.00
  614.00, 1288.00
  614.26, 1372.00
  614.52, 1595.00
  614.78, 1517.00
  615.04, 1387.00
  615.30, 1474.00
  615.56, 1550.00
  615.82, 1513.00
  616.08, 1399.00
  616.34, 1430.00
  616.60, 1621.00
  616.86, 1548.00
  617.12, 1365.00
  617.37, 1355.00
  617.63, 1552.00
  617.89, 1591.00
  618.15, 1414.00
  618.41, 1372.00
  618.67, 1554.00
  618.93, 1597.00
  619.19, 1428.00
  619.45, 1448.00
  619.71, 1635.00
  619.97, 1520.00
  620.23, 1421.00
  620.49, 1479.00
  620.75, 1566.00
  621.01, 1565.00
  621.27, 1418.00
  621.53, 1479.00
  621.79, 1494.00
  622.05, 1481.00
  622.31, 1310.00
  622.57, 1315.00
  622.82, 1509.00
  623.08, 1456.00
  623.34, 1272.00
  623.60, 1330.00
  623.86, 1595.00
  624.12, 1514.00
  624.38, 1396.00
  624.64, 1424.00
  624.90, 1579.00
  625.16, 1412.00
  625.42, 1211.00
  625.68, 1334.00
  625.94, 1570.00
  626.20, 1500.00
  626.46, 1348.00
  626.72, 1495.00
  626.97, 1651.00
  627.23, 1466.00
  627.49, 1270.00
  627.75, 1325.00
  628.01, 1615.00
  628.27, 1583.00
  628.53, 1241.00
  628.79, 1376.00
  629.05, 1616.00
  629.31, 1581.00
  629.57, 1271.00
  629.83, 1330.00
  630.09, 1600.00
  630.35, 1613.00
  630.60, 1475.00
  630.86, 1670.00
  631.12, 1691.00
  631.38, 1654.00
  631.64, 1468.00
  631.90, 1815.00
  632.16, 2201.00
  632.42, 1724.00
  632.68, 1352.00
  632.94, 1485.00
  633.20, 1529.00
  633.46, 1588.00
  633.71, 1470.00
  633.97, 1483.00
  634.23, 1727.00
  634.49, 1634.00
  634.75, 1498.00
  635.01, 1593.00
  635.27, 1675.00
  635.53, 1543.00
  635.79, 1344.00
  636.05, 1371.00
  636.31, 1578.00
  636.56, 1482.00
  636.82, 1238.00
  637.08, 1307.00
  637.34, 1536.00
  637.60, 1554.00
  637.86, 1441.00
  638.12, 1536.00
  638.38, 1695.00
  638.64, 1571.00
  638.90, 1364.00
  639.15, 1398.00
  639.41, 1627.00
  639.67, 1477.00
  639.93, 1394.00
  640.19, 1401.00
  640.45, 1608.00
  640.71, 1505.00
  640.97, 1369.00
  641.23, 1448.00
  641.48, 1587.00
  641.74, 1625.00
  642.00, 1301.00
  642.26, 1322.00
  642.52, 1591.00
  642.78, 1594.00
  643.04, 1428.00
  643.30, 1492.00
  643.56, 1618.00
  643.81, 1682.00
  644.07, 1391.00
  644.33, 1385.00
  644.59, 1614.00
  644.85, 1699.00
  645.11, 1315.00
  645.37, 1367.00
  645.63, 1651.00
  645.88, 1550.00
  646.14, 1323.00
  646.40, 1405.00
  646.66, 1584.00
  646.92, 1469.00
  647.18, 1355.00
  647.44, 1513.00
  647.70, 1654.00
  647.95, 1547.00
  648.21, 1479.00
  648.47, 1666.00
  648.73, 1695.00
  648.99, 1602.00
  649.25, 1331.00
  649.51, 1476.00
  649.76, 1782.00
  650.02, 1870.00
  650.28, 1691.00
  650.54, 1784.00
  650.80, 1964.00
  651.06, 1796.00
  651.32, 1692.00
  651.57, 1777.00
  651.83, 2047.00
  652.09, 1917.00
  652.35, 1851.00
  652.61, 1900.00
  652.87, 1934.00
  653.13, 1835.00
  653.38, 1692.00
  653.64, 1613.00
  653.90, 1800.00
  654.16, 1693.00
  654.42, 1450.00
  654.68, 1409.00
  654.94, 1586.00
  655.19, 1556.00
  655.45, 1420.00
  655.71, 1424.00
  655.97, 1698.00
  656.23, 1757.00
  656.49, 1528.00
  656.74, 1582.00
  657.00, 1712.00
  657.26, 1619.00
  657.52, 1437.00
  657.78, 1448.00
  658.04, 1724.00
  658.29, 1721.00
  658.55, 1376.00
  658.81, 1477.00
  659.07, 1810.00
  659.33, 1634.00
  659.59, 1371.00
  659.84, 1432.00
  660.10, 1628.00
  660.36, 1550.00
  660.62, 1414.00
  660.88, 1481.00
  661.14, 1676.00
  661.39, 1522.00
  661.65, 1340.00
  661.91, 1433.00
  662.17, 1623.00
  662.43, 1550.00
  662.69, 1391.00
  662.94, 1753.00
  663.20, 1910.00
  663.46, 1639.00
  663.72, 1496.00
  663.98, 1519.00
  664.23, 1628.00
  664.49, 1651.00
  664.75, 1577.00
  665.01, 1563.00
  665.27, 1756.00
  665.53, 1879.00
  665.78, 1523.00
  666.04, 1534.00
  666.30, 1850.00
  666.56, 1760.00
  666.82, 1405.00
  667.07, 1477.00
  667.33, 1620.00
  667.59, 1641.00
  667.85, 1354.00
  668.11, 1412.00
  668.36, 1638.00
  668.62, 1498.00
  668.88, 1262.00
  669.14, 1376.00
  669.40, 1713.00
  669.65, 1574.00
  669.91, 1283.00
  670.17, 1450.00
  670.43, 1694.00
  670.69, 1533.00
  670.94, 1377.00
  671.20, 1483.00
  671.46, 1616.00
  671.72, 1587.00
  671.98, 1397.00
  672.23, 1414.00
  672.49, 1660.00
  672.75, 1740.00
  673.01, 1428.00
  673.27, 1411.00
  673.52, 1585.00
  673.78, 1554.00
  674.04, 1370.00
  674.30, 1480.00
  674.56, 1717.00
  674.81, 1642.00
  675.07, 1300.00
  675.33, 1460.00
  675.59, 1811.00
  675.84, 1668.00
  676.10, 1390.00
  676.36, 1475.00
  676.62, 1686.00
  676.88, 1653.00
  677.13, 1548.00
  677.39, 1398.00
  677.65, 1575.00
  677.91, 1553.00
  678.16, 1381.00
  678.42, 1383.00
  678.68, 1597.00
  678.94, 1592.00
  679.20, 1337.00
  679.45, 1366.00
  679.71, 1621.00
  679.97, 1556.00
  680.23, 1340.00
  680.48, 1450.00
  680.74, 1770.00
  681.00, 1539.00
  681.26, 1384.00
  681.51, 1461.00
  681.77, 1577.00
  682.03, 1618.00
  682.29, 1433.00
  682.54, 1417.00
  682.80, 1705.00
  683.06, 1737.00
  683.32, 1401.00
  683.58, 1436.00
  683.83, 1702.00
  684.09, 1647.00
  684.35, 1412.00
  684.61, 1485.00
  684.86, 1844.00
  685.12, 1716.00
  685.38, 1378.00
  685.64, 1467.00
  685.89, 1645.00
  686.15, 1585.00
  686.41, 1476.00
  686.67, 1478.00
  686.92, 1819.00
  687.18, 1766.00
  687.44, 1495.00
  687.70, 1395.00
  687.95, 1601.00
  688.21, 1614.00
  688.47, 1383.00
  688.72, 1368.00
  688.98, 1625.00
  689.24, 1563.00
  689.50, 1544.00
  689.75, 1658.00
  690.01, 1735.00
  690.27, 1642.00
  690.53, 1473.00
  690.78, 1574.00
  691.04, 1733.00
  691.30, 1557.00
  691.56, 1283.00
  691.81, 1348.00
  692.07, 1572.00
  692.33, 1584.00
  692.58, 1355.00
  692.84, 1413.00
  693.10, 1649.00
  693.36, 1631.00
  693.61, 1373.00
  693.87, 1512.00
  694.13, 1764.00
  694.39, 1643.00
  694.64, 1389.00
  694.90, 1395.00
  695.16, 1563.00
  695.41, 1497.00
  695.67, 1284.00
  695.93, 1457.00
  696.19, 1701.00
  696.44, 1622.00
  696.70, 1377.00
  696.96, 1641.00
  697.21, 1686.00
  697.47, 1452.00
  697.73, 1340.00
  697.99, 1445.00
  698.24, 1628.00
  698.50, 1573.00
  698.76, 1314.00
  699.01, 1449.00
  699.27, 1620.00
  699.53, 1657.00
  699.79, 1318.00
  700.04, 1407.00
  700.30, 1680.00
  700.56, 1573.00
  700.81, 1348.00
  701.07, 1521.00
  701.33, 1704.00
  701.58, 1607.00
  701.84, 1314.00
  702.10, 1363.00
  702.36, 1598.00
  702.61, 1459.00
  702.87, 1319.00
  703.13, 1337.00
  703.38, 1538.00
  703.64, 1517.00
  703.90, 1361.00
  704.15, 1417.00
  704.41, 1596.00
  704.67, 1562.00
  704.93, 1311.00
  705.18, 1436.00
  705.44, 1684.00
  705.70, 1601.00
  705.95, 1425.00
  706.21, 1542.00
  706.47, 1784.00
  706.72, 1555.00
  706.98, 1445.00
  707.24, 1779.00
  707.49, 1592.00
  707.75, 1473.00
  708.01, 1499.00
  708.26, 1707.00
  708.52, 1782.00
  708.78, 1655.00
  709.03, 1293.00
  709.29, 1419.00
  709.55, 1666.00
  709.80, 1598.00
  710.06, 1557.00
  710.32, 1584.00
  710.57, 1576.00
  710.83, 1504.00
  711.09, 1303.00
  711.34, 1454.00
  711.60, 1708.00
  711.86, 1591.00
  712.11, 1372.00
  712.37, 1434.00
  712.63, 1781.00
  712.88, 1666.00
  713.14, 1470.00
  713.40, 1460.00
  713.65, 1653.00
  713.91, 1580.00
  714.17, 1559.00
  714.42, 1621.00
  714.68, 1626.00
  714.94, 1537.00
  715.19, 1280.00
  715.45, 1515.00
  715.71, 1633.00
  715.96, 1549.00
  716.22, 1301.00
  716.48, 1475.00
  716.73, 1574.00
  716.99, 1453.00
  717.25, 1308.00
  717.50, 1507.00
  717.76, 1822.00
  718.02, 1540.00
  718.27, 1329.00
  718.53, 1441.00
  718.79, 1612.00
  719.04, 1536.00
  719.30, 1309.00
  719.55, 1450.00
  719.81, 1611.00
  720.07, 1529.00
  720.32, 1338.00
  720.58, 1540.00
  720.84, 1695.00
  721.09, 1523.00
  721.35, 1259.00
  721.61, 1414.00
  721.86, 1618.00
  722.12, 1573.00
  722.37, 1452.00
  722.63, 1624.00
  722.89, 1669.00
  723.14, 1498.00
  723.40, 1320.00
  723.66, 1371.00
  723.91, 1588.00
  724.17, 1485.00
  724.43, 1267.00
  724.68, 1374.00
  724.94, 1586.00
  725.19, 1435.00
  725.45, 1259.00
  725.71, 1420.00
  725.96, 1700.00
  726.22, 1524.00
  726.48, 1384.00
  726.73, 1384.00
  726.99, 1565.00
  727.24, 1606.00
  727.50, 1464.00
  727.76, 1417.00
  728.01, 1608.00
  728.27, 1587.00
  728.52, 1432.00
  728.78, 1483.00
  729.04, 1645.00
  729.29, 1592.00
  729.55, 1529.00
  729.81, 1500.00
  730.06, 1790.00
  730.32, 1708.00
  730.57, 1439.00
  730.83, 1410.00
  731.09, 1610.00
  731.34, 1574.00
  731.60, 1497.00
  731.85, 1325.00
  732.11, 1625.00
  732.37, 1637.00
  732.62, 1459.00
  732.88, 1489.00
  733.13, 1716.00
  733.39, 1627.00
  733.65, 1439.00
  733.90, 1510.00
  734.16, 1542.00
  734.41, 1483.00
  734.67, 1412.00
  734.93, 1623.00
  735.18, 1754.00
  735.44, 1566.00
  735.69, 1493.00
  735.95, 1490.00
  736.20, 1748.00
  736.46, 1585.00
  736.72, 1314.00
  736.97, 1322.00
  737.23, 1603.00
  737.48, 1576.00
  737.74, 1412.00
  738.00, 1432.00
  738.25, 1688.00
  738.51, 1575.00
  738.76, 1290.00
  739.02, 1386.00
  739.27, 1628.00
  739.53, 1485.00
  739.79, 1209.00
  740.04, 1328.00
  740.30, 1564.00
  740.55, 1480.00
  740.81, 1326.00
  741.07, 1358.00
  741.32, 1497.00
  741.58, 1495.00
  741.83, 1365.00
  742.09, 1377.00
  742.34, 1683.00
  742.60, 1721.00
  742.86, 1450.00
  743.11, 1532.00
  743.37, 1565.00
  743.62, 1545.00
  743.88, 1323.00
  744.13, 1447.00
  744.39, 1657.00
  744.64, 1535.00
  744.90, 1336.00
  745.16, 1514.00
  745.41, 1654.00
  745.67, 1621.00
  745.92, 1512.00
  746.18, 1481.00
  746.43, 1536.00
  746.69, 1516.00
  746.94, 1484.00
  747.20, 1621.00
  747.46, 1577.00
  747.71, 1503.00
  747.97, 1348.00
  748.22, 1553.00
  748.48, 1860.00
  748.73, 1621.00
  748.99, 1362.00
  749.24, 1470.00
  749.50, 1770.00
  749.76, 1602.00
  750.01, 1392.00
  750.27, 1630.00
  750.52, 1874.00
  750.78, 1508.00
  751.03, 1307.00
  751.29, 1395.00
  751.54, 1648.00
  751.80, 1645.00
  752.05, 1315.00
  752.31, 1388.00
  752.56, 1622.00
  752.82, 1533.00
  753.08, 1373.00
  753.33, 1457.00
  753.59, 1582.00
  753.84, 1568.00
  754.10, 1371.00
  754.35, 1407.00
  754.61, 1587.00
  754.86, 1522.00
  755.12, 1412.00
  755.37, 1537.00
  755.63, 1680.00
  755.88, 1477.00
  756.14, 1316.00
  756.39, 1408.00
  756.65, 1600.00
  756.90, 1541.00
  757.16, 1445.00
  757.41, 1581.00
  757.67, 1580.00
  757.92, 1534.00
  758.18, 1369.00
  758.44, 1411.00
  758.69, 1653.00
  758.95, 1521.00
  759.20, 1353.00
  759.46, 1446.00
  759.71, 1631.00
  759.97, 1596.00
  760.22, 1330.00
  760.48, 1402.00
  760.73, 1575.00
  760.99, 1574.00
  761.24, 1413.00
  761.50, 1449.00
  761.75, 1597.00
  762.01, 1652.00
  762.26, 1294.00
  762.52, 1345.00
  762.77, 1744.00
  763.03, 1851.00
  763.28, 1299.00
  763.54, 1416.00
  763.79, 1677.00
  764.05, 1423.00
  764.30, 1262.00
  764.56, 1424.00
  764.81, 1708.00
  765.07, 1518.00
  765.32, 1273.00
  765.58, 1510.00
  765.83, 1612.00
  766.09, 1503.00
  766.34, 1479.00
  766.60, 1586.00
  766.85, 1681.00
  767.11, 1613.00
  767.36, 1318.00
  767.62, 1364.00
  767.87, 1623.00
  768.13, 1512.00
  768.38, 1355.00
  768.63, 1453.00
  768.89, 1662.00
  769.14, 1585.00
  769.40, 1284.00
  769.65, 1385.00
  769.91, 1680.00
  770.16, 1541.00
  770.42, 1265.00
  770.67, 1399.00
  770.93, 1659.00
  771.18, 1723.00
  771.44, 1315.00
  771.69, 1436.00
  771.95, 1651.00
  772.20, 1661.00
  772.46, 1301.00
  772.71, 1410.00
  772.97, 1627.00
  773.22, 1533.00
  773.47, 1427.00
  773.73, 1450.00
  773.98, 1658.00
  774.24, 1593.00
  774.49, 1358.00
  774.75, 1369.00
  775.00, 1569.00
  775.26, 1479.00
  775.51, 1275.00
  775.77, 1430.00
  776.02, 1726.00
  776.28, 1745.00
  776.53, 1389.00
  776.78, 1389.00
  777.04, 1571.00
  777.29, 1591.00
  777.55, 1419.00
  777.80, 1553.00
  778.06, 1589.00
  778.31, 1576.00
  778.57, 1458.00
  778.82, 1446.00
  779.08, 1689.00
  779.33, 1629.00
  779.58, 1372.00
  779.84, 1372.00
  780.09, 1618.00
  780.35, 1567.00
  780.60, 1291.00
  780.86, 1398.00
  781.11, 1516.00
  781.37, 1450.00
  781.62, 1359.00
  781.87, 1559.00
  782.13, 1811.00
  782.38, 1586.00
  782.64, 1399.00
  782.89, 1473.00
  783.15, 1724.00
  783.40, 1589.00
  783.65, 1385.00
  783.91, 1496.00
  784.16, 1723.00
  784.42, 1570.00
  784.67, 1397.00
  784.93, 1490.00
  785.18, 1737.00
  785.43, 1606.00
  785.69, 1385.00
  785.94, 1455.00
  786.20, 1601.00
  786.45, 1604.00
  786.71, 1548.00
  786.96, 1504.00
  787.21, 1613.00
  787.47, 1515.00
  787.72, 1306.00
  787.98, 1518.00
  788.23, 1616.00
  788.49, 1504.00
  788.74, 1414.00
  788.99, 1507.00
  789.25, 1652.00
  789.50, 1598.00
  789.76, 1356.00
  790.01, 1516.00
  790.26, 1700.00
  790.52, 1611.00
  790.77, 1363.00
  791.03, 1345.00
  791.28, 1566.00
  791.53, 1594.00
  791.79, 1381.00
  792.04, 1408.00
  792.30, 1611.00
  792.55, 1514.00
  792.80, 1284.00
  793.06, 1419.00
  793.31, 1600.00
  793.57, 1568.00
  793.82, 1423.00
  794.07, 1477.00
  794.33, 1785.00
  794.58, 1659.00
  794.84, 1465.00
  795.09, 1486.00
  795.34, 1785.00
  795.60, 1432.00
  795.85, 1309.00
  796.11, 1492.00
  796.36, 1608.00
  796.61, 1551.00
  796.87, 1288.00
  797.12, 1398.00
  797.38, 1759.00
  797.63, 1719.00
  797.88, 1572.00
  798.14, 1349.00
  798.39, 1513.00
  798.64, 1549.00
  798.90, 1307.00
  799.15, 1422.00
  799.41, 1787.00
  799.66, 1794.00
  799.91, 1370.00
  800.17, 1477.00
  800.42, 1606.00
  800.67, 1565.00
  800.93, 1466.00
  801.18, 1641.00
  801.44, 1783.00
  801.69, 1672.00
  801.94, 1489.00
  802.20, 1452.00
  802.45, 1639.00
  802.70, 1652.00
  802.96, 1478.00
  803.21, 1530.00
  803.47, 1718.00
  803.72, 1589.00
  803.97, 1404.00
  804.23, 1622.00
  804.48, 1647.00
  804.73, 1535.00
  804.99, 1365.00
  805.24, 1481.00
  805.49, 1713.00
  805.75, 1588.00
  806.00, 1416.00
  806.26, 1444.00
  806.51, 1605.00
  806.76, 1494.00
  807.02, 1276.00
  807.27, 1514.00
  807.52, 1649.00
  807.78, 1566.00
  808.03, 1429.00
  808.28, 1560.00
  808.54, 1620.00
  808.79, 1546.00
  809.04, 1394.00
  809.30, 1659.00
  809.55, 1975.00
  809.80, 1554.00
  810.06, 1382.00
  810.31, 1646.00
  810.56, 1758.00
  810.82, 1554.00
  811.07, 1424.00
  811.32, 1500.00
  811.58, 1591.00
  811.83, 1473.00
  812.08, 1402.00
  812.34, 1556.00
  812.59, 1633.00
  812.84, 1514.00
  813.10, 1312.00
  813.35, 1487.00
  813.60, 1552.00
  813.86, 1580.00
  814.11, 1633.00
  814.36, 1594.00
  814.62, 1723.00
  814.87, 1550.00
  815.12, 1401.00
  815.38, 1420.00
  815.63, 1609.00
  815.88, 1562.00
  816.14, 1466.00
  816.39, 1505.00
  816.64, 1655.00
  816.90, 1499.00
  817.15, 1281.00
  817.40, 1382.00
  817.66, 1687.00
  817.91, 1528.00
  818.16, 1294.00
  818.42, 1469.00
  818.67, 1630.00
  818.92, 1542.00
  819.18, 1362.00
  819.43, 1468.00
  819.68, 1690.00
  819.93, 1554.00
  820.19, 1245.00
  820.44, 1360.00
  820.69, 1709.00
  820.95, 1782.00
  821.20, 1405.00
  821.45, 1525.00
  821.71, 1709.00
  821.96, 1658.00
  822.21, 1345.00
  822.47, 1418.00
  822.72, 1638.00
  822.97, 1656.00
  823.22, 1513.00
  823.48, 1454.00
  823.73, 1493.00
  823.98, 1496.00
  824.24, 1398.00
  824.49, 1459.00
  824.74, 1676.00
  824.99, 1679.00
  825.25, 1376.00
  825.50, 1484.00
  825.75, 1683.00
  826.01, 1465.00
  826.26, 1357.00
  826.51, 1625.00
  826.77, 1766.00
  827.02, 1670.00
  827.27, 1445.00
  827.52, 1384.00
  827.78, 1628.00
  828.03, 1615.00
  828.28, 1489.00
  828.53, 1545.00
  828.79, 1640.00
  829.04, 1536.00
  829.29, 1364.00
  829.55, 1396.00
  829.80, 1594.00
  830.05, 1638.00
  830.30, 1363.00
  830.56, 1372.00
  830.81, 1586.00
  831.06, 1530.00
  831.32, 1327.00
  831.57, 1481.00
  831.82, 1622.00
  832.07, 1553.00
  832.33, 1366.00
  832.58, 1394.00
  832.83, 1642.00
  833.08, 1558.00
  833.34, 1339.00
  833.59, 1588.00
  833.84, 1709.00
  834.09, 1478.00
  834.35, 1371.00
  834.60, 1514.00
  834.85, 1640.00
  835.10, 1539.00
  835.36, 1385.00
  835.61, 1386.00
  835.86, 1600.00
  836.11, 1557.00
  836.37, 1361.00
  836.62, 1426.00
  836.87, 1792.00
  837.12, 1581.00
  837.38, 1362.00
  837.63, 1539.00
  837.88, 1812.00
  838.13, 1605.00
  838.39, 1375.00
  838.64, 1603.00
  838.89, 1710.00
  839.14, 1583.00
  839.40, 1260.00
  839.65, 1353.00
  839.90, 1537.00
  840.15, 1554.00
  840.41, 1296.00
  840.66, 1502.00
  840.91, 1677.00
  841.16, 1653.00
  841.42, 1313.00
  841.67, 1446.00
  841.92, 1638.00
  842.17, 1552.00
  842.43, 1347.00
  842.68, 1372.00
  842.93, 1540.00
  843.18, 1499.00
  843.43, 1288.00
  843.69, 1446.00
  843.94, 1616.00
  844.19, 1495.00
  844.44, 1315.00
  844.70, 1349.00
  844.95, 1527.00
  845.20, 1525.00
  845.45, 1441.00
  845.70, 1432.00
  845.96, 1665.00
  846.21, 1626.00
  846.46, 1343.00
  846.71, 1358.00
  846.97, 1707.00
  847.22, 1657.00
  847.47, 1428.00
  847.72, 1524.00
  847.97, 1622.00
  848.23, 1543.00
  848.48, 1317.00
  848.73, 1354.00
  848.98, 1562.00
  849.23, 1538.00
  849.49, 1426.00
  849.74, 1474.00
  849.99, 1603.00
  850.24, 1509.00
  850.50, 1333.00
  850.75, 1471.00
  851.00, 1578.00
  851.25, 1572.00
  851.50, 1344.00
  851.76, 1370.00
  852.01, 1517.00
  852.26, 1483.00
  852.51, 1418.00
  852.76, 1526.00
  853.02, 1689.00
  853.27, 1565.00
  853.52, 1397.00
  853.77, 1426.00
  854.02, 1729.00
  854.27, 1666.00
  854.53, 1297.00
  854.78, 1317.00
  855.03, 1478.00
  855.28, 1540.00
  855.53, 1568.00
  855.79, 1471.00
  856.04, 1630.00
  856.29, 1544.00
  856.54, 1271.00
  856.79, 1344.00
  857.05, 1605.00
  857.30, 1577.00
  857.55, 1443.00
  857.80, 1430.00
  858.05, 1612.00
  858.30, 1516.00
  858.56, 1355.00
  858.81, 1433.00
  859.06, 1707.00
  859.31, 1476.00
  859.56, 1330.00
  859.81, 1447.00
  860.07, 1509.00
  860.32, 1449.00
  860.57, 1337.00
  860.82, 1499.00
  861.07, 1851.00
  861.32, 1600.00
  861.58, 1358.00
  861.83, 1396.00
  862.08, 1581.00
  862.33, 1586.00
  862.58, 1453.00
  862.83, 1549.00
  863.09, 1625.00
  863.34, 1679.00
  863.59, 1481.00
  863.84, 1390.00
  864.09, 1693.00
  864.34, 1680.00
  864.60, 1365.00
  864.85, 1303.00
  865.10, 1657.00
  865.35, 1755.00
  865.60, 1406.00
  865.85, 1446.00
  866.10, 1697.00
  866.36, 1530.00
  866.61, 1345.00
  866.86, 1346.00
  867.11, 1642.00
  867.36, 1619.00
  867.61, 1415.00
  867.86, 1424.00
  868.12, 1562.00
  868.37, 1547.00
  868.62, 1298.00
  868.87, 1375.00
  869.12, 1605.00
  869.37, 1520.00
  869.62, 1269.00
  869.88, 1431.00
  870.13, 1754.00
  870.38, 1577.00
  870.63, 1328.00
  870.88, 1474.00
  871.13, 1643.00
  871.38, 1606.00
  871.64, 1381.00
  871.89, 1336.00
  872.14, 1610.00
  872.39, 1702.00
  872.64, 1382.00
  872.89, 1382.00
  873.14, 1628.00
  873.39, 1575.00
  873.65, 1467.00
  873.90, 1595.00
  874.15, 1594.00
  874.40, 1545.00
  874.65, 1368.00
  874.90, 1486.00
  875.15, 1554.00
  875.40, 1441.00
  875.65, 1244.00
  875.91, 1356.00
  876.16, 1608.00
  876.41, 1526.00
  876.66, 1443.00
  876.91, 1550.00
  877.16, 1616.00
  877.41, 1499.00
  877.66, 1462.00
  877.91, 1633.00
  878.17, 1799.00
  878.42, 1530.00
  878.67, 1425.00
  878.92, 1537.00
  879.17, 1649.00
  879.42, 1551.00
  879.67, 1356.00
  879.92, 1391.00
  880.17, 1714.00
  880.43, 1592.00
  880.68, 1287.00
  880.93, 1425.00
  881.18, 1550.00
  881.43, 1530.00
  881.68, 1387.00
  881.93, 1470.00
  882.18, 1630.00
  882.43, 1508.00
  882.68, 1301.00
  882.93, 1342.00
  883.19, 1705.00
  883.44, 1738.00
  883.69, 1492.00
  883.94, 1457.00
  884.19, 1511.00
  884.44, 1511.00
  884.69, 1362.00
  884.94, 1364.00
  885.19, 1568.00
  885.44, 1610.00
  885.69, 1363.00
  885.94, 1451.00
  886.20, 1735.00
  886.45, 1647.00
  886.70, 1351.00
  886.95, 1437.00
  887.20, 1676.00
  887.45, 1584.00
  887.70, 1395.00
  887.95, 1392.00
  888.20, 1636.00
  888.45, 1630.00
  888.70, 1456.00
  888.95, 1536.00
  889.20, 1707.00
  889.45, 1541.00
  889.71, 1374.00
  889.96, 1462.00
  890.21, 1563.00
  890.46, 1523.00
  890.71, 1413.00
  890.96, 1473.00
  891.21, 1779.00
  891.46, 1661.00
  891.71, 1518.00
  891.96, 1437.00
  892.21, 1598.00
  892.46, 1657.00
  892.71, 1286.00
  892.96, 1356.00
  893.21, 1596.00
  893.46, 1485.00
  893.71, 1304.00
  893.97, 1365.00
  894.22, 1566.00
  894.47, 1496.00
  894.72, 1265.00
  894.97, 1449.00
  895.22, 1610.00
  895.47, 1624.00
  895.72, 1387.00
  895.97, 1398.00
  896.22, 1657.00
  896.47, 1580.00
  896.72, 1314.00
  896.97, 1544.00
  897.22, 1773.00
  897.47, 1566.00
  897.72, 1409.00
  897.97, 1483.00
  898.22, 1613.00
  898.47, 1617.00
  898.72, 1585.00
  898.97, 1460.00
  899.22, 1599.00
  899.47, 1587.00
  899.72, 1347.00
  899.97, 1336.00
  900.22, 1660.00
  900.48, 1547.00
  900.73, 1413.00
  900.98, 1534.00
  901.23, 1585.00
  901.48, 1506.00
  901.73, 1397.00
  901.98, 1548.00
  902.23, 1676.00
  902.48, 1590.00
  902.73, 1400.00
  902.98, 1449.00
  903.23, 1569.00
  903.48, 1525.00
  903.73, 1235.00
  903.98, 1429.00
  904.23, 1706.00
  904.48, 1511.00
  904.73, 1385.00
  904.98, 1500.00
  905.23, 1673.00
  905.48, 1488.00
  905.73, 1352.00
  905.98, 1449.00
  906.23, 1626.00
  906.48, 1599.00
  906.73, 1477.00
  906.98, 1404.00
  907.23, 1482.00
  907.48, 1409.00
  907.73, 1292.00
  907.98, 1354.00
  908.23, 1617.00
  908.48, 1637.00
  908.73, 1342.00
  908.98, 1353.00
  909.23, 1620.00
  909.48, 1583.00
  909.73, 1306.00
  909.98, 1378.00
  910.23, 1570.00
  910.48, 1408.00
  910.73, 1246.00
  910.98, 1366.00
  911.23, 1510.00
  911.48, 1465.00
  911.73, 1345.00
  911.98, 1460.00
  912.23, 1564.00
  912.48, 1458.00
  912.73, 1260.00
  912.98, 1429.00
  913.23, 1619.00
  913.48, 1548.00
  913.73, 1360.00
  913.98, 1389.00
  914.23, 1587.00
  914.48, 1514.00
  914.73, 1368.00
  914.98, 1497.00
  915.23, 1628.00
  915.47, 1648.00
  915.72, 1411.00
  915.97, 1371.00
  916.22, 1509.00
  916.47, 1554.00
  916.72, 1434.00
  916.97, 1396.00
  917.22, 1529.00
  917.47, 1565.00
  917.72, 1488.00
  917.97, 1505.00
  918.22, 1576.00
  918.47, 1509.00
  918.72, 1405.00
  918.97, 1588.00
  919.22, 1633.00
  919.47, 1558.00
  919.72, 1330.00
  919.97, 1441.00
  920.22, 1684.00
  920.47, 1577.00
  920.72, 1392.00
  920.97, 1434.00
  921.22, 1618.00
  921.47, 1501.00
  921.72, 1382.00
  921.96, 1607.00
  922.21, 1734.00
  922.46, 1529.00
  922.71, 1208.00
  922.96, 1353.00
  923.21, 1634.00
  923.46, 1580.00
  923.71, 1373.00
  923.96, 1404.00
  924.21, 1569.00
  924.46, 1518.00
  924.71, 1397.00
  924.96, 1340.00
  925.21, 1461.00
  925.46, 1516.00
  925.71, 1467.00
  925.96, 1460.00
  926.20, 1659.00
  926.45, 1520.00
  926.70, 1270.00
  926.95, 1372.00
  927.20, 1564.00
  927.45, 1494.00
  927.70, 1283.00
  927.95, 1366.00
  928.20, 1581.00
  928.45, 1466.00
  928.70, 1280.00
  928.95, 1388.00
  929.20, 1560.00
  929.45, 1502.00
  929.69, 1312.00
  929.94, 1457.00
  930.19, 1647.00
  930.44, 1610.00
  930.69, 1440.00
  930.94, 1659.00
  931.19, 1586.00
  931.44, 1517.00
  931.69, 1472.00
  931.94, 1552.00
  932.19, 1518.00
  932.44, 1530.00
  932.68, 1361.00
  932.93, 1383.00
  933.18, 1665.00
  933.43, 1595.00
  933.68, 1414.00
  933.93, 1465.00
  934.18, 1607.00
  934.43, 1565.00
  934.68, 1247.00
  934.93, 1294.00
  935.17, 1542.00
  935.42, 1574.00
  935.67, 1361.00
  935.92, 1356.00
  936.17, 1604.00
  936.42, 1594.00
  936.67, 1512.00
  936.92, 1473.00
  937.17, 1574.00
  937.42, 1519.00
  937.66, 1342.00
  937.91, 1467.00
  938.16, 1671.00
  938.41, 1534.00
  938.66, 1328.00
  938.91, 1445.00
  939.16, 1501.00
  939.41, 1416.00
  939.66, 1341.00
  939.90, 1466.00
  940.15, 1645.00
  940.40, 1607.00
  940.65, 1370.00
  940.90, 1459.00
  941.15, 1750.00
  941.40, 1765.00
  941.65, 1558.00
  941.89, 1420.00
  942.14, 1658.00
  942.39, 1657.00
  942.64, 1458.00
  942.89, 1415.00
  943.14, 1642.00
  943.39, 1567.00
  943.64, 1318.00
  943.88, 1299.00
  944.13, 1486.00
  944.38, 1526.00
  944.63, 1302.00
  944.88, 1438.00
  945.13, 1769.00
  945.38, 1776.00
  945.63, 1453.00
  945.87, 1541.00
  946.12, 1635.00
  946.37, 1777.00
  946.62, 1610.00
  946.87, 1426.00
  947.12, 1507.00
  947.37, 1573.00
  947.61, 1464.00
  947.86, 1459.00
  948.11, 1979.00
  948.36, 2497.00
  948.61, 1419.00
  948.86, 1360.00
  949.10, 1517.00
  949.35, 1520.00
  949.60, 1376.00
  949.85, 1473.00
  950.10, 1699.00
  950.35, 1552.00
  950.60, 1409.00
  950.84, 1570.00
  951.09, 1619.00
  951.34, 1587.00
  951.59, 1459.00
  951.84, 1550.00
  952.09, 1644.00
  952.33, 1522.00
  952.58, 1333.00
  952.83, 1491.00
  953.08, 1808.00
  953.33, 1572.00
  953.58, 1371.00
  953.82, 1438.00
  954.07, 1848.00
  954.32, 1983.00
  954.57, 1506.00
  954.82, 1486.00
  955.07, 1602.00
  955.31, 1689.00
  955.56, 1383.00
  955.81, 1531.00
  956.06, 1624.00
  956.31, 1540.00
  956.56, 1308.00
  956.80, 1439.00
  957.05, 1620.00
  957.30, 1588.00
  957.55, 1357.00
  957.80, 1391.00
  958.04, 1621.00
  958.29, 1678.00
  958.54, 1430.00
  958.79, 1398.00
  959.04, 1546.00
  959.29, 1593.00
  959.53, 1562.00
  959.78, 1559.00
  960.03, 1533.00
  960.28, 1555.00
  960.53, 1421.00
  960.77, 1461.00
  961.02, 1742.00
  961.27, 1664.00
  961.52, 1425.00
  961.77, 1470.00
  962.01, 1595.00
  962.26, 1596.00
  962.51, 1321.00
  962.76, 1481.00
  963.01, 1662.00
  963.25, 1596.00
  963.50, 1489.00
  963.75, 1543.00
  964.00, 1766.00
  964.25, 1744.00
  964.49, 1450.00
  964.74, 1381.00
  964.99, 1644.00
  965.24, 1567.00
  965.49, 1374.00
  965.73, 1425.00
  965.98, 1550.00
  966.23, 1532.00
  966.48, 1430.00
  966.72, 1503.00
  966.97, 1788.00
  967.22, 1704.00
  967.47, 1515.00
  967.72, 1418.00
  967.96, 1531.00
  968.21, 1546.00
  968.46, 1440.00
  968.71, 1396.00
  968.95, 1654.00
  969.20, 1503.00
  969.45, 1322.00
  969.70, 1368.00
  969.95, 1668.00
  970.19, 1605.00
  970.44, 1323.00
  970.69, 1500.00
  970.94, 1660.00
  971.18, 1598.00
  971.43, 1424.00
  971.68, 1444.00
  971.93, 1528.00
  972.17, 1606.00
  972.42, 1475.00
  972.67, 1463.00
  972.92, 1604.00
  973.17, 1536.00
  973.41, 1446.00
  973.66, 1571.00
  973.91, 1573.00
  974.16, 1543.00
  974.40, 1298.00
  974.65, 1490.00
  974.90, 1712.00
  975.15, 1607.00
  975.39, 1434.00
  975.64, 1537.00
  975.89, 1737.00
  976.14, 1696.00
  976.38, 1408.00
  976.63, 1500.00
  976.88, 1624.00
  977.13, 1615.00
  977.37, 1449.00
  977.62, 1461.00
  977.87, 1719.00
  978.12, 1691.00
  978.36, 1378.00
  978.61, 1468.00
  978.86, 1654.00
  979.10, 1596.00
  979.35, 1546.00
  979.60, 1497.00
  979.85, 1628.00
  980.09, 1509.00
  980.34, 1324.00
  980.59, 1383.00
  980.84, 1621.00
  981.08, 1590.00
  981.33, 1404.00
  981.58, 1454.00
  981.83, 1577.00
  982.07, 1427.00
  982.32, 1309.00
  982.57, 1344.00
  982.81, 1548.00
  983.06, 1393.00
  983.31, 1325.00
  983.56, 1372.00
  983.80, 1558.00
  984.05, 1576.00
  984.30, 1415.00
  984.54, 1442.00
  984.79, 1636.00
  985.04, 1563.00
  985.29, 1376.00
  985.53, 1469.00
  985.78, 1676.00
  986.03, 1601.00
  986.27, 1378.00
  986.52, 1439.00
  986.77, 1676.00
  987.02, 1526.00
  987.26, 1353.00
  987.51, 1542.00
  987.76, 1719.00
  988.00, 1660.00
  988.25, 1324.00
  988.50, 1456.00
  988.75, 1686.00
  988.99, 1541.00
  989.24, 1296.00
  989.49, 1398.00
  989.73, 1590.00
  989.98, 1557.00
  990.23, 1525.00
  990.47, 1481.00
  990.72, 1663.00
  990.97, 1537.00
  991.21, 1447.00
  991.46, 1514.00
  991.71, 1542.00
  991.96, 1495.00
  992.20, 1449.00
  992.45, 1464.00
  992.70, 1617.00
  992.94, 1537.00
  993.19, 1366.00
  993.44, 1481.00
  993.68, 1750.00
  993.93, 1615.00
  994.18, 1541.00
  994.42, 1498.00
  994.67, 1786.00
  994.92, 1662.00
  995.16, 1400.00
  995.41, 1375.00
  995.66, 1475.00
  995.90, 1460.00
  996.15, 1528.00
  996.40, 1547.00
  996.64, 1564.00
  996.89, 1594.00
  997.14, 1436.00
  997.38, 1415.00
  997.63, 1634.00
  997.88, 1503.00
  998.12, 1341.00
  998.37, 1468.00
  998.62, 1661.00
  998.86, 1746.00
  999.11, 1422.00
  999.36, 1468.00
  999.60, 1602.00
  999.85, 1456.00
 1000.10, 1283.00
 1000.34, 1307.00
 1000.59, 1556.00
 1000.84, 1575.00
 1001.08, 1379.00
 1001.33, 1450.00
 1001.58, 1613.00
 1001.82, 1519.00
 1002.07, 1418.00
 1002.32, 1502.00
 1002.56, 1630.00
 1002.81, 1557.00
 1003.06, 1349.00
 1003.30, 1390.00
 1003.55, 1591.00
 1003.80, 1584.00
 1004.04, 1364.00
 1004.29, 1491.00
 1004.53, 1712.00
 1004.78, 1683.00
 1005.03, 1470.00
 1005.27, 1426.00
 1005.52, 1725.00
 1005.77, 1623.00
 1006.01, 1424.00
 1006.26, 1590.00
 1006.51, 1738.00
 1006.75, 1577.00
 1007.00, 1275.00
 1007.24, 1324.00
 1007.49, 1588.00
 1007.74, 1488.00
 1007.98, 1290.00
 1008.23, 1453.00
 1008.48, 1611.00
 1008.72, 1596.00
 1008.97, 1452.00
 1009.21, 1417.00
 1009.46, 1701.00
 1009.71, 1730.00
 1009.95, 1507.00
 1010.20, 1428.00
 1010.45, 1625.00
 1010.69, 1537.00
 1010.94, 1328.00
 1011.18, 1392.00
 1011.43, 1556.00
 1011.68, 1529.00
 1011.92, 1461.00
 1012.17, 1537.00
 1012.41, 1566.00
 1012.66, 1499.00
 1012.91, 1321.00
 1013.15, 1404.00
 1013.40, 1680.00
 1013.65, 1604.00
 1013.89, 1366.00
 1014.14, 1357.00
 1014.38, 1544.00
 1014.63, 1516.00
 1014.88, 1328.00
 1015.12, 1357.00
 1015.37, 1565.00
 1015.61, 1578.00
 1015.86, 1376.00
 1016.11, 1521.00
 1016.35, 1622.00
 1016.60, 1531.00
 1016.84, 1440.00
 1017.09, 1446.00
 1017.33, 1656.00
 1017.58, 1598.00
 1017.83, 1417.00
 1018.07, 1490.00
 1018.32, 1667.00
 1018.56, 1496.00
 1018.81, 1293.00
 1019.06, 1395.00
 1019.30, 1593.00
 1019.55, 1521.00
 1019.79, 1405.00
 1020.04, 1674.00
 1020.29, 1754.00
 1020.53, 1499.00
 1020.78, 1339.00
 1021.02, 1442.00
 1021.27, 1571.00
 1021.51, 1512.00
 1021.76, 1376.00
 1022.01, 1452.00
 1022.25, 1667.00
 1022.50, 1594.00
 1022.74, 1354.00
 1022.99, 1436.00
 1023.23, 1662.00
 1023.48, 1721.00
 1023.73, 1529.00
 1023.97, 1450.00
 1024.22, 1588.00
 1024.46, 1473.00
 1024.71, 1286.00
 1024.95, 1416.00
 1025.20, 1571.00
 1025.44, 1473.00
 1025.69, 1410.00
 1025.94, 1454.00
 1026.18, 1585.00
 1026.43, 1552.00
 1026.67, 1318.00
 1026.92, 1521.00
 1027.16, 1706.00
 1027.41, 1465.00
 1027.65, 1322.00
 1027.90, 1483.00
 1028.15, 1585.00
 1028.39, 1476.00
 1028.64, 1270.00
 1028.88, 1436.00
 1029.13, 1694.00
 1029.37, 1532.00
 1029.62, 1238.00
 1029.86, 1385.00
 1030.11, 1620.00
 1030.35, 1555.00
 1030.60, 1451.00
 1030.85, 1447.00
 1031.09, 1537.00
 1031.34, 1523.00
 1031.58, 1530.00
 1031.83, 1630.00
 1032.07, 1536.00
 1032.32, 1483.00
 1032.56, 1299.00
 1032.81, 1422.00
 1033.05, 1677.00
 1033.30, 1585.00
 1033.54, 1323.00
 1033.79, 1499.00
 1034.03, 1732.00
 1034.28, 1677.00
 1034.53, 1457.00
 1034.77, 1536.00
 1035.02, 1681.00
 1035.26, 1561.00
 1035.51, 1390.00
 1035.75, 1505.00
 1036.00, 1693.00
 1036.24, 1710.00
 1036.49, 1433.00
 1036.73, 1479.00
 1036.98, 1654.00
 1037.22, 1609.00
 1037.47, 1460.00
 1037.71, 1466.00
 1037.96, 1662.00
 1038.20, 1556.00
 1038.45, 1395.00
 1038.69, 1422.00
 1038.94, 1557.00
 1039.18, 1540.00
 1039.43, 1420.00
 1039.67, 1439.00
 1039.92, 1624.00
 1040.16, 1668.00
 1040.41, 1374.00
 1040.65, 1352.00
 1040.90, 1689.00
 1041.14, 1622.00
 1041.39, 1367.00
 1041.63, 1418.00
 1041.88, 1682.00
 1042.12, 1724.00
 1042.37, 1462.00
 1042.61, 1401.00
 1042.86, 1553.00
 1043.10, 1396.00
 1043.35, 1412.00
 1043.59, 1850.00
 1043.84, 1819.00
 1044.08, 1644.00
 1044.33, 1324.00
 1044.57, 1537.00
 1044.82, 1768.00
 1045.06, 1554.00
 1045.31, 1436.00
 1045.55, 1389.00
 1045.80, 1546.00
 1046.04, 1563.00
 1046.29, 1387.00
 1046.53, 1353.00
 1046.78, 1592.00
 1047.02, 1664.00
 1047.27, 1472.00
 1047.51, 1555.00
 1047.75, 1717.00
 1048.00, 1568.00
 1048.24, 1472.00
 1048.49, 1630.00
 1048.73, 1645.00
 1048.98, 1558.00
 1049.22, 1332.00
 1049.47, 1387.00
 1049.71, 1618.00
 1049.96, 1518.00
 1050.20, 1262.00
 1050.45, 1336.00
 1050.69, 1569.00
 1050.94, 1546.00
 1051.18, 1309.00
 1051.42, 1407.00
 1051.67, 1578.00
 1051.91, 1549.00
 1052.16, 1441.00
 1052.40, 1537.00
 1052.65, 1617.00
 1052.89, 1452.00
 1053.14, 1345.00
 1053.38, 1505.00
 1053.63, 1604.00
 1053.87, 1602.00
 1054.11, 1290.00
 1054.36, 1338.00
 1054.60, 3124.00
 1054.85, 4986.00
 1055.09, 1729.00
 1055.34, 1576.00
 1055.58, 1643.00
 1055.83, 1703.00
 1056.07, 1370.00
 1056.31, 1468.00
 1056.56, 1678.00
 1056.80, 1624.00
 1057.05, 1367.00
 1057.29, 1460.00
 1057.54, 1696.00
 1057.78, 1678.00
 1058.02, 1452.00
 1058.27, 1684.00
 1058.51, 1704.00
 1058.76, 1565.00
 1059.00, 1364.00
 1059.25, 1363.00
 1059.49, 1579.00
 1059.74, 1512.00
 1059.98, 1433.00
 1060.22, 1610.00
 1060.47, 1612.00
 1060.71, 1525.00
 1060.96, 1305.00
 1061.20, 1442.00
 1061.44, 1622.00
 1061.69, 2168.00
 1061.93, 2737.00
 1062.18, 1587.00
 1062.42, 1631.00
 1062.67, 1488.00
 1062.91, 1272.00
 1063.15, 1375.00
 1063.40, 1658.00
 1063.64, 1515.00
 1063.89, 1342.00
 1064.13, 1437.00
 1064.37, 1608.00
 1064.62, 1546.00
 1064.86, 1417.00
 1065.11, 1398.00
 1065.35, 1577.00
 1065.59, 1694.00
 1065.84, 1534.00
 1066.08, 1588.00
 1066.33, 1741.00
 1066.57, 1608.00
 1066.81, 1524.00
 1067.06, 1454.00
 1067.30, 1659.00
 1067.55, 1577.00
 1067.79, 1354.00
 1068.03, 1351.00
 1068.28, 1556.00
 1068.52, 1605.00
 1068.77, 1543.00
 1069.01, 1518.00
 1069.25, 1849.00
 1069.50, 1630.00
 1069.74, 1248.00
 1069.99, 1422.00
 1070.23, 1712.00
 1070.47, 1492.00
 1070.72, 1293.00
 1070.96, 1379.00
 1071.20, 1556.00
 1071.45, 1613.00
 1071.69, 1455.00
 1071.94, 1385.00
 1072.18, 1643.00
 1072.42, 1615.00
 1072.67, 1500.00
 1072.91, 1531.00
 1073.15, 1580.00
 1073.40, 1482.00
 1073.64, 1458.00
 1073.89, 1416.00
 1074.13, 1700.00
 1074.37, 1643.00
 1074.62, 1287.00
 1074.86, 1516.00
 1075.10, 1923.00
 1075.35, 1568.00
 1075.59, 1581.00
 1075.83, 1711.00
 1076.08, 1638.00
 1076.32, 1523.00
 1076.57, 1338.00
 1076.81, 1426.00
 1077.05, 1610.00
 1077.30, 1469.00
 1077.54, 1309.00
 1077.78, 1468.00
 1078.03, 1641.00
 1078.27, 1646.00
 1078.51, 1461.00
 1078.76, 1385.00
 1079.00, 1682.00
 1079.24, 1672.00
 1079.49, 1390.00
 1079.73, 1476.00
 1079.97, 1624.00
 1080.22, 1445.00
 1080.46, 1291.00
 1080.71, 1560.00
 1080.95, 1783.00
 1081.19, 1530.00
 1081.44, 1481.00
 1081.68, 1586.00
 1081.92, 1708.00
 1082.17, 1540.00
 1082.41, 1304.00
 1082.65, 1438.00
 1082.90, 1646.00
 1083.14, 1582.00
 1083.38, 1452.00
 1083.63, 1469.00
 1083.87, 1604.00
 1084.11, 1620.00
 1084.36, 1472.00
 1084.60, 1565.00
 1084.84, 1661.00
 1085.09, 1548.00
 1085.33, 1380.00
 1085.57, 1475.00
 1085.81, 1674.00
 1086.06, 1552.00
 1086.30, 1416.00
 1086.54, 1528.00
 1086.79, 1691.00
 1087.03, 1619.00
 1087.27, 1574.00
 1087.52, 1508.00
 1087.76, 1638.00
 1088.00, 1633.00
 1088.25, 1466.00
 1088.49, 1514.00
 1088.73, 1704.00
 1088.98, 1673.00
 1089.22, 1332.00
 1089.46, 1404.00
 1089.71, 1630.00
 1089.95, 1624.00
 1090.19, 1350.00
 1090.43, 1376.00
 1090.68, 1716.00
 1090.92, 1822.00
 1091.16, 1369.00
 1091.41, 1353.00
 1091.65, 1674.00
 1091.89, 1718.00
 1092.14, 1416.00
 1092.38, 1441.00
 1092.62, 1712.00
 1092.86, 1624.00
 1093.11, 1432.00
 1093.35, 1520.00
 1093.59, 1600.00
 1093.84, 1533.00
 1094.08, 1385.00
 1094.32, 1385.00
 1094.56, 1681.00
 1094.81, 1636.00
 1095.05, 1431.00
 1095.29, 1446.00
 1095.54, 1608.00
 1095.78, 1661.00
 1096.02, 1442.00
 1096.26, 1531.00
 1096.51, 1636.00
 1096.75, 1514.00
 1096.99, 1471.00
 1097.24, 1503.00
 1097.48, 1627.00
 1097.72, 1546.00
 1097.96, 1308.00
 1098.21, 1344.00
 1098.45, 1557.00
 1098.69, 1618.00
 1098.93, 1367.00
 1099.18, 1409.00
 1099.42, 1702.00
 1099.66, 1703.00
 1099.90, 1368.00
 1100.15, 1453.00
 1100.39, 1645.00
 1100.63, 1513.00
 1100.88, 1347.00
 1101.12, 1399.00
 1101.36, 1613.00
 1101.60, 1546.00
 1101.85, 1457.00
 1102.09, 1545.00
 1102.33, 1709.00
 1102.57, 1690.00
 1102.82, 1527.00
 1103.06, 1478.00
 1103.30, 1797.00
 1103.54, 1689.00
 1103.79, 1476.00
 1104.03, 1520.00
 1104.27, 1700.00
 1104.51, 1656.00
 1104.76, 1336.00
 1105.00, 1424.00
 1105.24, 1691.00
 1105.48, 1514.00
 1105.73, 1462.00
 1105.97, 1737.00
 1106.21, 1776.00
 1106.45, 1613.00
 1106.70, 1247.00
 1106.94, 1355.00
 1107.18, 1528.00
 1107.42, 1456.00
 1107.66, 1275.00
 1107.91, 1392.00
 1108.15, 1756.00
 1108.39, 1654.00
 1108.63, 1509.00
 1108.88, 1568.00
 1109.12, 1705.00
 1109.36, 1655.00
 1109.60, 1370.00
 1109.85, 1330.00
 1110.09, 1534.00
 1110.33, 1559.00
 1110.57, 1286.00
 1110.81, 1448.00
 1111.06, 1685.00
 1111.30, 1553.00
 1111.54, 1411.00
 1111.78, 1617.00
 1112.03, 1714.00
 1112.27, 1570.00
 1112.51, 1377.00
 1112.75, 1504.00
 1112.99, 1562.00
 1113.24, 1418.00
 1113.48, 1278.00
 1113.72, 1472.00
 1113.96, 1604.00
 1114.20, 1561.00
 1114.45, 1452.00
 1114.69, 1545.00
 1114.93, 1558.00
 1115.17, 1509.00
 1115.41, 1328.00
 1115.66, 1448.00
 1115.90, 1696.00
 1116.14, 1728.00
 1116.38, 1512.00
 1116.62, 1478.00
 1116.87, 1798.00
 1117.11, 1649.00
 1117.35, 1343.00
 1117.59, 1363.00
 1117.83, 1640.00
 1118.08, 1596.00
 1118.32, 1461.00
 1118.56, 1594.00
 1118.80, 1757.00
 1119.04, 1514.00
 1119.29, 1335.00
 1119.53, 1394.00
 1119.77, 1617.00
 1120.01, 1653.00
 1120.25, 1411.00
 1120.49, 1563.00
 1120.74, 1755.00
 1120.98, 1651.00
 1121.22, 1392.00
 1121.46, 1411.00
 1121.70, 1692.00
 1121.94, 1757.00
 1122.19, 1466.00
 1122.43, 1565.00
 1122.67, 1752.00
 1122.91, 1598.00
 1123.15, 1368.00
 1123.40, 1537.00
 1123.64, 1722.00
 1123.88, 1578.00
 1124.12, 1492.00
 1124.36, 1445.00
 1124.60, 1563.00
 1124.85, 1498.00
 1125.09, 1277.00
 1125.33, 1433.00
 1125.57, 1779.00
 1125.81, 1642.00
 1126.05, 1412.00
 1126.29, 1505.00
 1126.54, 1769.00
 1126.78, 1639.00
 1127.02, 1408.00
 1127.26, 1354.00
 1127.50, 1617.00
 1127.74, 1583.00
 1127.99, 1441.00
 1128.23, 1437.00
 1128.47, 1713.00
 1128.71, 1657.00
 1128.95, 1414.00
 1129.19, 1362.00
 1129.43, 1557.00
 1129.68, 1586.00
 1129.92, 1458.00
 1130.16, 1481.00
 1130.40, 1628.00
 1130.64, 1637.00
 1130.88, 1437.00
 1131.12, 1554.00
 1131.37, 1911.00
 1131.61, 1616.00
 1131.85, 1378.00
 1132.09, 1425.00
 1132.33, 1721.00
 1132.57, 1654.00
 1132.81, 1287.00
 1133.05, 1356.00
 1133.30, 1625.00
 1133.54, 1659.00
 1133.78, 1507.00
 1134.02, 1461.00
 1134.26, 1620.00
 1134.50, 1564.00
 1134.74, 1418.00
 1134.98, 1387.00
 1135.23, 1617.00
 1135.47, 1495.00
 1135.71, 1305.00
 1135.95, 1449.00
 1136.19, 1647.00
 1136.43, 1551.00
 1136.67, 1404.00
 1136.91, 1546.00
 1137.16, 1713.00
 1137.40, 1692.00
 1137.64, 1376.00
 1137.88, 1435.00
 1138.12, 1725.00
 1138.36, 1573.00
 1138.60, 1336.00
 1138.84, 1421.00
 1139.08, 1621.00
 1139.32, 1464.00
 1139.57, 1296.00
 1139.81, 1393.00
 1140.05, 1610.00
 1140.29, 1608.00
 1140.53, 1466.00
 1140.77, 1546.00
 1141.01, 1761.00
 1141.25, 1618.00
 1141.49, 1498.00
 1141.73, 1593.00
 1141.98, 1670.00
 1142.22, 1549.00
 1142.46, 1349.00
 1142.70, 1336.00
 1142.94, 1499.00
 1143.18, 1469.00
 1143.42, 1373.00
 1143.66, 1504.00
 1143.90, 1730.00
 1144.14, 1561.00
 1144.38, 1309.00
 1144.63, 1394.00
 1144.87, 1747.00
 1145.11, 1611.00
 1145.35, 1377.00
 1145.59, 1522.00
 1145.83, 1835.00
 1146.07, 1632.00
 1146.31, 1396.00
 1146.55, 1482.00
 1146.79, 1669.00
 1147.03, 1523.00
 1147.27, 1363.00
 1147.51, 1517.00
 1147.75, 1676.00
 1148.00, 1589.00
 1148.24, 1260.00
 1148.48, 1497.00
 1148.72, 1824.00
 1148.96, 1507.00
 1149.20, 1278.00
 1149.44, 1485.00
 1149.68, 1761.00
 1149.92, 1569.00
 1150.16, 1407.00
 1150.40, 1475.00
 1150.64, 1798.00
 1150.88, 1591.00
 1151.12, 1371.00
 1151.36, 1547.00
 1151.60, 1797.00
 1151.84, 1637.00
 1152.09, 1426.00
 1152.33, 1586.00
 1152.57, 1791.00
 1152.81, 1635.00
 1153.05, 1297.00
 1153.29, 1409.00
 1153.53, 1777.00
 1153.77, 1694.00
 1154.01, 1465.00
 1154.25, 1699.00
 1154.49, 1833.00
 1154.73, 1666.00
 1154.97, 1460.00
 1155.21, 1499.00
 1155.45, 1706.00
 1155.69, 1644.00
 1155.93, 1397.00
 1156.17, 1475.00
 1156.41, 1781.00
 1156.65, 1579.00
 1156.89, 1272.00
 1157.13, 1482.00
 1157.37, 1683.00
 1157.61, 1616.00
 1157.85, 1382.00
 1158.09, 1434.00
 1158.33, 1642.00
 1158.58, 1561.00
 1158.82, 1331.00
 1159.06, 1494.00
 1159.30, 1631.00
 1159.54, 1645.00
 1159.78, 1673.00
 1160.02, 1922.00
 1160.26, 1746.00
 1160.50, 1647.00
 1160.74, 1410.00
 1160.98, 1549.00
 1161.22, 1651.00
 1161.46, 1585.00
 1161.70, 1357.00
 1161.94, 1445.00
 1162.18, 1739.00
 1162.42, 1752.00
 1162.66, 1352.00
 1162.90, 1466.00
 1163.14, 1845.00
 1163.38, 1748.00
 1163.62, 1331.00
 1163.86, 1404.00
 1164.10, 1629.00
 1164.34, 1570.00
 1164.58, 1280.00
 1164.82, 1427.00
 1165.06, 1724.00
 1165.30, 1718.00
 1165.54, 1351.00
 1165.78, 1433.00
 1166.02, 1705.00
 1166.26, 1526.00
 1166.50, 1328.00
 1166.74, 1506.00
 1166.98, 1749.00
 1167.22, 1586.00
 1167.46, 1341.00
 1167.70, 1453.00
 1167.94, 1695.00
 1168.18, 1647.00
 1168.42, 1457.00
 1168.66, 1520.00
 1168.90, 1830.00
 1169.14, 1637.00
 1169.38, 1410.00
 1169.61, 1507.00
 1169.85, 1785.00
 1170.09, 1674.00
 1170.33, 1332.00
 1170.57, 1521.00
 1170.81, 1836.00
 1171.05, 1787.00
 1171.29, 1394.00
 1171.53, 1514.00
 1171.77, 1792.00
 1172.01, 1694.00
 1172.25, 1390.00
 1172.49, 1425.00
 1172.73, 1777.00
 1172.97, 1684.00
 1173.21, 1529.00
 1173.45, 1471.00
 1173.69, 1772.00
 1173.93, 1627.00
 1174.17, 1394.00
 1174.41, 1514.00
 1174.65, 1715.00
 1174.89, 1629.00
 1175.13, 1296.00
 1175.37, 1382.00
 1175.61, 1738.00
 1175.85, 1722.00
 1176.08, 1299.00
 1176.32, 1525.00
 1176.56, 1882.00
 1176.80, 1668.00
 1177.04, 1398.00
 1177.28, 1575.00
 1177.52, 1853.00
 1177.76, 1647.00
 1178.00, 1506.00
 1178.24, 1532.00
 1178.48, 1775.00
 1178.72, 1702.00
 1178.96, 1348.00
 1179.20, 1385.00
 1179.44, 1804.00
 1179.68, 1698.00
 1179.92, 1384.00
 1180.15, 1543.00
 1180.39, 1820.00
 1180.63, 1719.00
 1180.87, 1446.00
 1181.11, 1645.00
 1181.35, 1992.00
 1181.59, 1854.00
 1181.83, 1363.00
 1182.07, 1479.00
 1182.31, 1687.00
 1182.55, 1548.00
 1182.79, 1249.00
 1183.03, 1464.00
 1183.26, 1745.00
 1183.50, 1714.00
 1183.74, 1403.00
 1183.98, 1483.00
 1184.22, 1762.00
 1184.46, 1775.00
 1184.70, 1511.00
 1184.94, 1521.00
 1185.18, 1688.00
 1185.42, 1559.00
 1185.66, 1265.00
 1185.89, 1344.00
 1186.13, 1680.00
 1186.37, 1643.00
 1186.61, 1284.00
 1186.85, 1443.00
 1187.09, 1726.00
 1187.33, 1556.00
 1187.57, 1301.00
 1187.81, 1454.00
 1188.05, 1723.00
 1188.29, 1585.00
 1188.52, 1253.00
 1188.76, 1404.00
 1189.00, 1682.00
 1189.24, 1544.00
 1189.48, 1315.00
 1189.72, 1453.00
 1189.96, 1713.00
 1190.20, 1606.00
 1190.44, 1235.00
 1190.67, 1435.00
 1190.91, 1730.00
 1191.15, 1553.00
 1191.39, 1251.00
 1191.63, 1398.00
 1191.87, 1628.00
 1192.11, 1522.00
 1192.35, 1330.00
 1192.58, 1530.00
 1192.82, 1790.00
 1193.06, 1598.00
 1193.30, 1326.00
 1193.54, 1569.00
 1193.78, 1883.00
 1194.02, 1695.00
 1194.26, 1443.00
 1194.49, 1453.00
 1194.73, 1685.00
 1194.97, 1592.00
 1195.21, 1306.00
 1195.45, 1417.00
 1195.69, 1699.00
 1195.93, 1643.00
 1196.17, 1318.00
 1196.40, 1411.00
 1196.64, 1751.00
 1196.88, 1689.00
 1197.12, 1498.00
 1197.36, 1420.00
 1197.60, 1689.00
 1197.84, 1630.00
 1198.07, 1592.00
 1198.31, 1587.00
 1198.55, 1783.00
 1198.79, 1581.00
 1199.03, 1328.00
 1199.27, 1513.00
 1199.51, 1664.00
 1199.74, 1565.00
 1199.98, 1400.00
 1200.22, 1426.00
 1200.46, 1792.00
 1200.70, 1698.00
 1200.94, 1322.00
 1201.17, 1593.00
 1201.41, 1853.00
 1201.65, 1668.00
 1201.89, 1436.00
 1202.13, 1429.00
 1202.37, 1709.00
 1202.60, 1560.00
 1202.84, 1432.00
 1203.08, 1417.00
 1203.32, 1701.00
 1203.56, 1550.00
 1203.80, 1345.00
 1204.03, 1560.00
 1204.27, 1704.00
 1204.51, 1547.00
 1204.75, 1309.00
 1204.99, 1365.00
 1205.23, 1733.00
 1205.46, 1584.00
 1205.70, 1272.00
 1205.94, 1393.00
 1206.18, 1654.00
 1206.42, 1636.00
 1206.65, 1353.00
 1206.89, 1481.00
 1207.13, 1671.00
 1207.37, 1624.00
 1207.61, 1400.00
 1207.85, 1476.00
 1208.08, 1668.00
 1208.32, 1610.00
 1208.56, 1406.00
 1208.80, 1381.00
 1209.04, 1607.00
 1209.27, 1521.00
 1209.51, 1263.00
 1209.75, 1486.00
 1209.99, 1767.00
 1210.23, 1479.00
 1210.46, 1220.00
 1210.70, 1435.00
 1210.94, 1726.00
 1211.18, 1469.00
 1211.42, 1260.00
 1211.65, 1683.00
 1211.89, 2157.00
 1212.13, 1671.00
 1212.37, 1427.00
 1212.61, 1436.00
 1212.84, 1710.00
 1213.08, 1585.00
 1213.32, 1284.00
 1213.56, 1364.00
 1213.80, 1683.00
 1214.03, 1622.00
 1214.27, 1405.00
 1214.51, 1550.00
 1214.75, 1924.00
 1214.98, 1751.00
 1215.22, 1396.00
 1215.46, 1418.00
 1215.70, 1705.00
 1215.94, 1584.00
 1216.17, 1410.00
 1216.41, 1425.00
 1216.65, 1745.00
 1216.89, 1743.00
 1217.12, 1308.00
 1217.36, 1417.00
 1217.60, 1824.00
 1217.84, 1745.00
 1218.08, 1524.00
 1218.31, 1838.00
 1218.55, 1909.00
 1218.79, 1590.00
 1219.03, 1307.00
 1219.26, 1405.00
 1219.50, 1667.00
 1219.74, 1641.00
 1219.98, 1297.00
 1220.21, 1419.00
 1220.45, 1706.00
 1220.69, 1654.00
 1220.93, 1552.00
 1221.16, 1653.00
 1221.40, 1704.00
 1221.64, 1733.00
 1221.88, 1543.00
 1222.11, 1483.00
 1222.35, 1784.00
