  295.67,  996.00
  295.94,  996.00
  296.21,  992.67
  296.48, 1035.33
  296.75, 1175.33
  297.02, 1372.00
  297.28, 1613.67
  297.55, 1725.67
  297.82, 1646.67
  298.09, 1526.67
  298.36, 1523.00
  298.63, 1604.00
  298.89, 1577.00
  299.16, 1502.33
  299.43, 1546.67
  299.70, 1584.00
  299.97, 1527.33
  300.23, 1456.67
  300.50, 1564.00
  300.77, 1703.33
  301.04, 1683.33
  301.31, 1561.00
  301.58, 1585.67
  301.84, 1690.67
  302.11, 1679.33
  302.38, 1601.67
  302.65, 1656.67
  302.92, 1752.33
  303.19, 1708.33
  303.45, 1522.33
  303.72, 1477.00
  303.99, 1498.33
  304.26, 1512.00
  304.53, 1512.00
  304.79, 1585.00
  305.06, 1668.00
  305.33, 1641.67
  305.60, 1586.00
  305.87, 1621.67
  306.13, 1649.67
  306.40, 1614.67
  306.67, 1555.00
  306.94, 1586.33
  307.21, 1633.67
  307.48, 1600.00
  307.74, 1521.33
  308.01, 1552.67
  308.28, 1631.67
  308.55, 1660.67
  308.82, 1604.33
  309.08, 1661.33
  309.35, 1689.00
  309.62, 1628.00
  309.89, 1471.00
  310.16, 1449.33
  310.42, 1490.00
  310.69, 1441.33
  310.96, 1388.00
  311.23, 1474.67
  311.50, 1597.33
  311.76, 1609.33
  312.03, 1538.00
  312.30, 1561.00
  312.57, 1590.33
  312.84, 1508.33
  313.10, 1422.67
  313.37, 1493.67
  313.64, 1672.67
  313.91, 1655.00
  314.18, 1583.33
  314.44, 1523.67
  314.71, 1584.67
  314.98, 1540.00
  315.25, 1523.33
  315.52, 1592.33
  315.78, 1662.00
  316.05, 1584.67
  316.32, 1457.67
  316.59, 1492.67
  316.85, 1553.67
  317.12, 1533.67
  317.39, 1430.67
  317.66, 1488.67
  317.93, 1591.67
  318.19, 1596.00
  318.46, 1488.33
  318.73, 1468.67
  319.00, 1531.67
  319.26, 1529.33
  319.53, 1509.67
  319.80, 1582.33
  320.07, 1688.33
  320.34, 1625.00
  320.60, 1502.33
  320.87, 1486.00
  321.14, 1580.33
  321.41, 1587.33
  321.67, 1543.67
  321.94, 1558.33
  322.21, 1633.00
  322.48, 1657.67
  322.75, 1647.33
  323.01, 1672.00
  323.28, 1700.00
  323.55, 1608.67
  323.82, 1543.00
  324.08, 1533.00
  324.35, 1608.33
  324.62, 1547.33
  324.89, 1462.67
  325.15, 1486.33
  325.42, 1622.33
  325.69, 1671.00
  325.96, 1677.67
  326.23, 1730.33
  326.49, 1800.33
  326.76, 1724.67
  327.03, 1626.67
  327.30, 1693.00
  327.56, 1770.33
  327.83, 1690.67
  328.10, 1559.00
  328.37, 1567.00
  328.63, 1632.67
  328.90, 1566.33
  329.17, 1498.33
  329.44, 1545.33
  329.70, 1622.33
  329.97, 1588.33
  330.24, 1509.33
  330.51, 1535.33
  330.77, 1591.00
  331.04, 1522.33
  331.31, 1462.33
  331.58, 1501.67
  331.84, 1644.67
  332.11, 1627.67
  332.38, 1564.67
  332.65, 1541.00
  332.91, 1593.33
  333.18, 1538.67
  333.45, 1476.00
  333.72, 1490.67
  333.98, 1561.00
  334.25, 1535.00
  334.52, 1474.00
  334.79, 1514.67
  335.05, 1575.00
  335.32, 1564.67
  335.59, 1497.67
  335.86, 1539.67
  336.12, 1596.00
  336.39, 1613.33
  336.66, 1578.00
  336.93, 1606.00
  337.19, 1616.67
  337.46, 1562.00
  337.73, 1513.00
  337.99, 1571.00
  338.26, 1654.33
  338.53, 1622.00
  338.80, 1529.33
  339.06, 1530.67
  339.33, 1579.00
  339.60, 1541.33
  339.87, 1452.33
  340.13, 1482.67
  340.40, 1555.67
  340.67, 1516.67
  340.93, 1419.33
  341.20, 1488.67
  341.47, 1700.00
  341.74, 1841.67
  342.00, 1747.00
  342.27, 1668.67
  342.54, 1595.33
  342.81, 1578.33
  343.07, 1574.00
  343.34, 1651.67
  343.61, 1703.33
  343.87, 1665.00
  344.14, 1537.67
  344.41, 1542.00
  344.68, 1527.67
  344.94, 1490.67
  345.21, 1429.67
  345.48, 1481.67
  345.74, 1547.00
  346.01, 1542.33
  346.28, 1487.33
  346.55, 1584.33
  346.81, 1644.00
  347.08, 1578.67
  347.35, 1461.67
  347.61, 1491.33
  347.88, 1584.67
  348.15, 1571.67
  348.42, 1547.33
  348.68, 1562.00
  348.95, 1602.67
  349.22, 1493.00
  349.48, 1386.67
  349.75, 1407.00
  350.02, 1548.00
  350.28, 1602.33
  350.55, 1581.67
  350.82, 1565.33
  351.09, 1605.33
  351.35, 1581.00
  351.62, 1508.00
  351.89, 1547.33
  352.15, 1651.33
  352.42, 1686.67
  352.69, 1643.00
  352.95, 1602.33
  353.22, 1639.33
  353.49, 1553.00
  353.76, 1513.00
  354.02, 1522.67
  354.29, 1628.00
  354.56, 1620.00
  354.82, 1531.67
  355.09, 1556.00
  355.36, 1614.33
  355.62, 1607.00
  355.89, 1512.00
  356.16, 1538.67
  356.42, 1621.00
  356.69, 1640.33
  356.96, 1577.00
  357.22, 1620.67
  357.49, 1661.67
  357.76, 1574.00
  358.03, 1463.67
  358.29, 1469.33
  358.56, 1578.00
  358.83, 1559.00
  359.09, 1522.00
  359.36, 1542.00
  359.63, 1587.67
  359.89, 1530.33
  360.16, 1461.33
  360.43, 1525.33
  360.69, 1594.00
  360.96, 1556.33
  361.23, 1518.00
  361.49, 1570.00
  361.76, 1654.33
  362.03, 1597.33
  362.29, 1532.33
  362.56, 1535.00
  362.83, 1571.67
  363.09, 1524.00
  363.36, 1461.67
  363.63, 1507.67
  363.89, 1589.00
  364.16, 1534.67
  364.43, 1437.67
  364.69, 1448.67
  364.96, 1532.67
  365.23, 1522.33
  365.49, 1465.67
  365.76, 1492.00
  366.03, 1576.67
  366.29, 1548.00
  366.56, 1504.00
  366.83, 1539.00
  367.09, 1587.00
  367.36, 1537.67
  367.63, 1466.00
  367.89, 1525.00
  368.16, 1622.67
  368.43, 1600.00
  368.69, 1507.67
  368.96, 1517.33
  369.23, 1582.00
  369.49, 1542.33
  369.76, 1471.67
  370.03, 1534.33
  370.29, 1624.33
  370.56, 1604.33
  370.82, 1495.33
  371.09, 1552.67
  371.36, 1651.67
  371.62, 1640.00
  371.89, 1536.67
  372.16, 1598.67
  372.42, 1716.33
  372.69, 1684.00
  372.96, 1518.67
  373.22, 1462.00
  373.49, 1528.67
  373.76, 1518.67
  374.02, 1447.00
  374.29, 1495.33
  374.55, 1592.33
  374.82, 1589.67
  375.09, 1504.33
  375.35, 1514.00
  375.62, 1597.00
  375.89, 1593.67
  376.15, 1496.33
  376.42, 1477.00
  376.69, 1502.67
  376.95, 1510.33
  377.22, 1468.00
  377.48, 1511.67
  377.75, 1546.00
  378.02, 1501.00
  378.28, 1477.00
  378.55, 1616.00
  378.82, 1715.67
  379.08, 1650.33
  379.35, 1517.00
  379.62, 1543.33
  379.88, 1633.00
  380.15, 1616.00
  380.41, 1541.33
  380.68, 1559.67
  380.95, 1615.67
  381.21, 1559.67
  381.48, 1496.33
  381.74, 1517.67
  382.01, 1569.00
  382.28, 1485.33
  382.54, 1375.67
  382.81, 1440.33
  383.08, 1540.67
  383.34, 1550.67
  383.61, 1499.67
  383.87, 1535.33
  384.14, 1571.33
  384.41, 1519.33
  384.67, 1449.00
  384.94, 1489.33
  385.21, 1551.33
  385.47, 1496.33
  385.74, 1457.00
  386.00, 1516.00
  386.27, 1606.00
  386.54, 1583.00
  386.80, 1501.67
  387.07, 1549.00
  387.33, 1601.67
  387.60, 1574.00
  387.87, 1533.67
  388.13, 1538.33
  388.40, 1685.00
  388.66, 1819.67
  388.93, 1775.67
  389.20, 1743.67
  389.46, 1591.33
  389.73, 1551.33
  389.99, 1497.33
  390.26, 1585.67
  390.53, 1724.33
  390.79, 1731.67
  391.06, 1649.00
  391.32, 1623.67
  391.59, 1654.67
  391.86, 1612.67
  392.12, 1579.00
  392.39, 1580.00
  392.65, 1657.00
  392.92, 1616.33
  393.19, 1614.33
  393.45, 1624.33
  393.72, 1677.67
  393.98, 1571.67
  394.25, 1533.00
  394.52, 1581.00
  394.78, 1675.00
  395.05, 1615.67
  395.31, 1525.00
  395.58, 1570.00
  395.84, 1647.67
  396.11, 1629.67
  396.38, 1518.33
  396.64, 1525.67
  396.91, 1586.00
  397.17, 1564.33
  397.44, 1478.67
  397.71, 1460.33
  397.97, 1548.00
  398.24, 1547.67
  398.50, 1503.67
  398.77, 1526.67
  399.03, 1611.33
  399.30, 1623.00
  399.57, 1537.00
  399.83, 1562.33
  400.10, 1590.00
  400.36, 1588.33
  400.63, 1511.67
  400.89, 1590.33
  401.16, 1666.33
  401.43, 1653.33
  401.69, 1557.00
  401.96, 1540.00
  402.22, 1570.00
  402.49, 1493.00
  402.75, 1417.33
  403.02, 1498.33
  403.29, 1614.67
  403.55, 1615.33
  403.82, 1521.67
  404.08, 1508.33
  404.35, 1571.67
  404.61, 1529.67
  404.88, 1499.67
  405.14, 1560.00
  405.41, 1664.67
  405.68, 1651.67
  405.94, 1524.00
  406.21, 1515.67
  406.47, 1573.33
  406.74, 1588.33
  407.00, 1526.00
  407.27, 1554.00
  407.53, 1657.33
  407.80, 1620.67
  408.07, 1553.00
  408.33, 1558.33
  408.60, 1627.00
  408.86, 1596.33
  409.13, 1536.33
  409.39, 1597.33
  409.66, 1655.67
  409.92, 1571.00
  410.19, 1483.67
  410.46, 1493.33
  410.72, 1560.33
  410.99, 1502.33
  411.25, 1425.33
  411.52, 1483.33
  411.78, 1629.00
  412.05, 1660.00
  412.31, 1571.33
  412.58, 1539.33
  412.84, 1611.00
  413.11, 1643.33
  413.37, 1589.33
  413.64, 1566.33
  413.91, 1571.67
  414.17, 1500.00
  414.44, 1416.33
  414.70, 1399.33
  414.97, 1474.00
  415.23, 1473.33
  415.50, 1472.67
  415.76, 1537.33
  416.03, 1610.33
  416.29, 1594.33
  416.56, 1544.00
  416.82, 1617.33
  417.09, 1704.33
  417.35, 1619.33
  417.62, 1494.67
  417.89, 1484.33
  418.15, 1588.00
  418.42, 1591.33
  418.68, 1548.00
  418.95, 1565.67
  419.21, 1566.67
  419.48, 1477.67
  419.74, 1403.00
  420.01, 1447.67
  420.27, 1566.67
  420.54, 1596.33
  420.80, 1622.00
  421.07, 1706.33
  421.33, 1716.67
  421.60, 1597.67
  421.86, 1474.00
  422.13, 1536.33
  422.39, 1623.00
  422.66, 1578.00
  422.92, 1514.00
  423.19, 1594.67
  423.45, 1702.33
  423.72, 1672.33
  423.98, 1572.00
  424.25, 1631.00
  424.51, 1718.33
  424.78, 1703.33
  425.04, 1597.00
  425.31, 1557.00
  425.58, 1600.33
  425.84, 1521.00
  426.11, 1462.33
  426.37, 1513.67
  426.64, 1649.33
  426.90, 1630.00
  427.17, 1500.00
  427.43, 1491.33
  427.70, 1593.67
  427.96, 1646.00
  428.23, 1604.33
  428.49, 1568.67
  428.76, 1582.00
  429.02, 1510.67
  429.29, 1467.00
  429.55, 1509.67
  429.82, 1642.67
  430.08, 1676.00
  430.34, 1644.33
  430.61, 1651.67
  430.87, 1636.33
  431.14, 1537.33
  431.40, 1473.67
  431.67, 1557.00
  431.93, 1666.67
  432.20, 1610.00
  432.46, 1529.33
  432.73, 1592.00
  432.99, 1678.00
  433.26, 1682.67
  433.52, 1656.00
  433.79, 1666.33
  434.05, 1675.00
  434.32, 1557.00
  434.58, 1468.67
  434.85, 1535.00
  435.11, 1595.00
  435.38, 1564.33
  435.64, 1509.33
  435.91, 1591.00
  436.17, 1664.67
  436.44, 1634.33
  436.70, 1542.67
  436.97, 1604.33
  437.23, 1676.67
  437.50, 1645.33
  437.76, 1553.00
  438.02, 1535.00
  438.29, 1594.33
  438.55, 1557.00
  438.82, 1459.67
  439.08, 1487.33
  439.35, 1590.67
  439.61, 1588.33
  439.88, 1483.67
  440.14, 1487.67
  440.41, 1579.33
  440.67, 1585.33
  440.94, 1558.33
  441.20, 1605.67
  441.47, 1672.33
  441.73, 1608.67
  441.99, 1519.67
  442.26, 1563.33
  442.52, 1648.33
  442.79, 1588.67
  443.05, 1439.67
  443.32, 1415.67
  443.58, 1495.67
  443.85, 1495.67
  444.11, 1445.33
  444.38, 1525.67
  444.64, 1653.33
  444.91, 1625.67
  445.17, 1517.00
  445.43, 1494.33
  445.70, 1533.00
  445.96, 1483.00
  446.23, 1418.00
  446.49, 1485.67
  446.76, 1611.00
  447.02, 1623.33
  447.29, 1543.33
  447.55, 1548.00
  447.81, 1596.00
  448.08, 1587.33
  448.34, 1502.00
  448.61, 1547.00
  448.87, 1608.00
  449.14, 1575.67
  449.40, 1514.00
  449.67, 1560.00
  449.93, 1645.67
  450.19, 1630.33
  450.46, 1580.67
  450.72, 1632.67
  450.99, 1681.33
  451.25, 1601.67
  451.52, 1494.67
  451.78, 1511.33
  452.05, 1561.00
  452.31, 1537.00
  452.57, 1458.00
  452.84, 1482.00
  453.10, 1503.33
  453.37, 1430.67
  453.63, 1370.67
  453.90, 1479.67
  454.16, 1585.00
  454.42, 1559.67
  454.69, 1435.00
  454.95, 1444.00
  455.22, 1535.33
  455.48, 1532.00
  455.75, 1456.00
  456.01, 1482.33
  456.27, 1600.00
  456.54, 1649.67
  456.80, 1596.67
  457.07, 1546.00
  457.33, 1548.00
  457.59, 1525.67
  457.86, 1511.00
  458.12, 1569.33
  458.39, 1627.33
  458.65, 1605.67
  458.92, 1575.67
  459.18, 1609.00
  459.44, 1678.67
  459.71, 1608.33
  459.97, 1471.33
  460.24, 1434.67
  460.50, 1488.00
  460.76, 1561.00
  461.03, 1583.67
  461.29, 1615.33
  461.56, 1620.33
  461.82, 1536.33
  462.09, 1474.33
  462.35, 1530.33
  462.61, 1651.00
  462.88, 1604.00
  463.14, 1483.33
  463.41, 1429.00
  463.67, 1554.00
  463.93, 1576.33
  464.20, 1547.33
  464.46, 1543.67
  464.73, 1563.00
  464.99, 1472.00
  465.25, 1389.33
  465.52, 1489.00
  465.78, 1678.00
  466.05, 1714.00
  466.31, 1596.33
  466.57, 1562.33
  466.84, 1584.67
  467.10, 1550.00
  467.37, 1481.00
  467.63, 1530.00
  467.89, 1626.00
  468.16, 1610.33
  468.42, 1512.00
  468.68, 1557.33
  468.95, 1649.67
  469.21, 1628.00
  469.48, 1505.67
  469.74, 1434.33
  470.00, 1464.67
  470.27, 1452.33
  470.53, 1436.67
  470.80, 1499.00
  471.06, 1595.33
  471.32, 1564.67
  471.59, 1502.67
  471.85, 1484.67
  472.11, 1571.00
  472.38, 1588.00
  472.64, 1581.33
  472.91, 1625.67
  473.17, 1668.67
  473.43, 1692.33
  473.70, 1713.00
  473.96, 1748.00
  474.22, 1797.00
  474.49, 1696.00
  474.75, 1599.00
  475.02, 1576.67
  475.28, 1667.67
  475.54, 1664.67
  475.81, 1590.67
  476.07, 1537.00
  476.33, 1594.00
  476.60, 1564.67
  476.86, 1489.67
  477.13, 1499.33
  477.39, 1536.67
  477.65, 1521.00
  477.92, 1444.67
  478.18, 1485.67
  478.44, 1578.33
  478.71, 1548.67
  478.97, 1501.00
  479.23, 1498.00
  479.50, 1540.33
  479.76, 1508.33
  480.03, 1517.67
  480.29, 1627.00
  480.55, 1755.67
  480.82, 1689.33
  481.08, 1575.33
  481.34, 1527.00
  481.61, 1561.00
  481.87, 1534.00
  482.13, 1514.67
  482.40, 1563.00
  482.66, 1616.00
  482.92, 1615.00
  483.19, 1576.00
  483.45, 1614.33
  483.71, 1641.33
  483.98, 1568.00
  484.24, 1501.67
  484.51, 1527.00
  484.77, 1612.00
  485.03, 1581.00
  485.30, 1488.00
  485.56, 1513.33
  485.82, 1601.33
  486.09, 1555.67
  486.35, 1469.33
  486.61, 1463.33
  486.88, 1549.67
  487.14, 1495.67
  487.40, 1455.67
  487.67, 1554.33
  487.93, 1672.67
  488.19, 1638.67
  488.46, 1552.33
  488.72, 1597.00
  488.98, 1693.33
  489.25, 1620.33
  489.51, 1522.00
  489.77, 1535.00
  490.04, 1595.33
  490.30, 1570.67
  490.56, 1522.67
  490.83, 1537.67
  491.09, 1577.00
  491.35, 1514.67
  491.62, 1452.33
  491.88, 1503.67
  492.14, 1568.00
  492.41, 1546.67
  492.67, 1475.33
  492.93, 1525.67
  493.20, 1696.33
  493.46, 1702.33
  493.72, 1601.67
  493.98, 1565.67
  494.25, 1601.00
  494.51, 1588.67
  494.77, 1450.33
  495.04, 1501.67
  495.30, 1573.67
  495.56, 1563.33
  495.83, 1427.00
  496.09, 1412.33
  496.35, 1488.33
  496.62, 1486.33
  496.88, 1436.00
  497.14, 1474.33
  497.41, 1534.33
  497.67, 1505.67
  497.93, 1481.00
  498.19, 1552.67
  498.46, 1661.00
  498.72, 1595.00
  498.98, 1498.00
  499.25, 1515.00
  499.51, 1593.00
  499.77, 1582.67
  500.04, 1483.00
  500.30, 1501.67
  500.56, 1577.00
  500.83, 1530.00
  501.09, 1425.67
  501.35, 1434.33
  501.61, 1540.00
  501.88, 1527.00
  502.14, 1469.67
  502.40, 1540.00
  502.67, 1620.00
  502.93, 1574.67
  503.19, 1452.67
  503.45, 1485.00
  503.72, 1573.67
  503.98, 1555.33
  504.24, 1466.33
  504.51, 1477.33
  504.77, 1575.67
  505.03, 1559.67
  505.30, 1467.00
  505.56, 1421.00
  505.82, 1487.33
  506.08, 1520.00
  506.35, 1540.67
  506.61, 1593.00
  506.87, 1612.67
  507.14, 1523.33
  507.40, 1435.67
  507.66, 1476.67
  507.92, 1567.33
  508.19, 1568.00
  508.45, 1484.67
  508.71, 1512.67
  508.97, 1538.67
  509.24, 1553.00
  509.50, 1485.67
  509.76, 1568.00
  510.03, 1614.33
  510.29, 1561.00
  510.55, 1468.00
  510.81, 1473.00
  511.08, 1559.33
  511.34, 1546.33
  511.60, 1523.00
  511.86, 1543.00
  512.13, 1583.67
  512.39, 1544.00
  512.65, 1471.33
  512.92, 1465.00
  513.18, 1499.00
  513.44, 1471.33
  513.70, 1433.33
  513.97, 1482.67
  514.23, 1564.67
  514.49, 1516.00
  514.75, 1455.33
  515.02, 1494.67
  515.28, 1584.00
  515.54, 1546.00
  515.80, 1447.67
  516.07, 1456.00
  516.33, 1527.00
  516.59, 1514.67
  516.85, 1490.33
  517.12, 1543.33
  517.38, 1628.00
  517.64, 1571.67
  517.90, 1494.67
  518.17, 1493.67
  518.43, 1543.67
  518.69, 1471.00
  518.95, 1433.00
  519.22, 1480.00
  519.48, 1568.33
  519.74, 1493.67
  520.00, 1398.67
  520.27, 1434.67
  520.53, 1551.33
  520.79, 1592.33
  521.05, 1580.33
  521.32, 1587.00
  521.58, 1603.67
  521.84, 1520.00
  522.10, 1482.67
  522.37, 1565.67
  522.63, 1630.00
  522.89, 1618.33
  523.15, 1557.67
  523.42, 1586.67
  523.68, 1633.67
  523.94, 1587.33
  524.20, 1564.67
  524.47, 1583.00
  524.73, 1595.33
  524.99, 1514.00
  525.25, 1440.33
  525.51, 1507.67
  525.78, 1577.33
  526.04, 1549.67
  526.30, 1471.33
  526.56, 1496.67
  526.83, 1535.33
  527.09, 1486.33
  527.35, 1378.67
  527.61, 1376.67
  527.87, 1419.67
  528.14, 1430.67
  528.40, 1456.67
  528.66, 1535.33
  528.92, 1646.33
  529.19, 1581.33
  529.45, 1464.67
  529.71, 1450.00
  529.97, 1505.33
  530.23, 1521.67
  530.50, 1480.67
  530.76, 1518.67
  531.02, 1572.67
  531.28, 1551.33
  531.55, 1534.33
  531.81, 1574.00
  532.07, 1577.67
  532.33, 1481.00
  532.59, 1370.67
  532.86, 1413.33
  533.12, 1467.67
  533.38, 1472.00
  533.64, 1436.67
  533.90, 1570.33
  534.17, 1698.00
  534.43, 1688.67
  534.69, 1550.67
  534.95, 1547.33
  535.21, 1613.00
  535.48, 1582.33
  535.74, 1538.67
  536.00, 1598.67
  536.26, 1652.67
  536.52, 1566.67
  536.79, 1432.33
  537.05, 1464.67
  537.31, 1549.00
  537.57, 1545.00
  537.83, 1443.00
  538.10, 1432.67
  538.36, 1533.00
  538.62, 1643.33
  538.88, 1683.67
  539.14, 1735.00
  539.41, 1719.00
  539.67, 1636.67
  539.93, 1528.00
  540.19, 1546.33
  540.45, 1573.33
  540.72, 1519.33
  540.98, 1462.67
  541.24, 1546.00
  541.50, 1616.33
  541.76, 1595.33
  542.02, 1493.00
  542.29, 1512.00
  542.55, 1597.33
  542.81, 1628.00
  543.07, 1670.33
  543.33, 1700.33
  543.60, 1725.33
  543.86, 1647.33
  544.12, 1515.00
  544.38, 1498.67
  544.64, 1553.00
  544.90, 1557.33
  545.17, 1514.00
  545.43, 1501.33
  545.69, 1612.67
  545.95, 1624.67
  546.21, 1569.33
  546.47, 1525.00
  546.74, 1537.00
  547.00, 1494.33
  547.26, 1465.67
  547.52, 1544.00
  547.78, 1606.67
  548.04, 1592.00
  548.31, 1517.67
  548.57, 1576.00
  548.83, 1621.67
  549.09, 1568.33
  549.35, 1468.33
  549.61, 1468.33
  549.88, 1499.67
  550.14, 1462.33
  550.40, 1384.67
  550.66, 1435.33
  550.92, 1537.67
  551.18, 1543.33
  551.45, 1458.67
  551.71, 1425.67
  551.97, 1452.33
  552.23, 1436.00
  552.49, 1413.67
  552.75, 1461.33
  553.01, 1539.67
  553.28, 1513.67
  553.54, 1482.00
  553.80, 1529.00
  554.06, 1606.00
  554.32, 1575.33
  554.58, 1518.67
  554.85, 1603.33
  555.11, 1683.67
  555.37, 1646.00
  555.63, 1491.67
  555.89, 1499.67
  556.15, 1614.33
  556.41, 1606.33
  556.68, 1474.33
  556.94, 1395.33
  557.20, 1482.33
  557.46, 1565.00
  557.72, 1558.67
  557.98, 1561.00
  558.24, 1566.00
  558.51, 1521.67
  558.77, 1442.00
  559.03, 1436.33
  559.29, 1490.33
  559.55, 1442.67
  559.81, 1396.67
  560.07, 1436.33
  560.33, 1526.67
  560.60, 1517.00
  560.86, 1432.67
  561.12, 1459.33
  561.38, 1515.67
  561.64, 1483.67
  561.90, 1417.67
  562.16, 1447.67
  562.42, 1518.67
  562.69, 1500.33
  562.95, 1431.00
  563.21, 1452.33
  563.47, 1497.00
  563.73, 1462.67
  563.99, 1436.67
  564.25, 1511.00
  564.51, 1593.33
  564.78, 1600.67
  565.04, 1515.33
  565.30, 1560.33
  565.56, 1637.33
  565.82, 1616.00
  566.08, 1540.67
  566.34, 1524.67
  566.60, 1579.00
  566.86, 1575.00
  567.13, 1507.67
  567.39, 1522.33
  567.65, 1567.00
  567.91, 1531.33
  568.17, 1517.33
  568.43, 1633.33
  568.69, 1738.67
  568.95, 1678.67
  569.21, 1550.33
  569.48, 1592.33
  569.74, 1665.00
  570.00, 1598.67
  570.26, 1502.33
  570.52, 1489.67
  570.78, 1588.67
  571.04, 1610.67
  571.30, 1596.00
  571.56, 1560.00
  571.82, 1517.33
  572.09, 1487.67
  572.35, 1498.00
  572.61, 1579.67
  572.87, 1615.33
  573.13, 1513.67
  573.39, 1422.67
  573.65, 1472.33
  573.91, 1589.67
  574.17, 1557.67
  574.43, 1496.67
  574.69, 1484.33
  574.96, 1564.67
  575.22, 1516.67
  575.48, 1437.00
  575.74, 1431.00
  576.00, 1523.67
  576.26, 1512.33
  576.52, 1456.33
  576.78, 1447.33
  577.04, 1501.67
  577.30, 1466.00
  577.56, 1400.00
  577.82, 1431.33
  578.09, 1496.67
  578.35, 1462.67
  578.61, 1415.67
  578.87, 1436.00
  579.13, 1531.33
  579.39, 1517.33
  579.65, 1462.00
  579.91, 1451.00
  580.17, 1496.00
  580.43, 1509.67
  580.69, 1501.67
  580.95, 1529.33
  581.21, 1549.00
  581.47, 1456.67
  581.74, 1381.00
  582.00, 1428.00
  582.26, 1517.33
  582.52, 1524.33
  582.78, 1495.33
  583.04, 1528.67
  583.30, 1566.67
  583.56, 1533.00
  583.82, 1500.33
  584.08, 1553.67
  584.34, 1616.33
  584.60, 1598.00
  584.86, 1509.33
  585.12, 1492.67
  585.38, 1531.33
  585.64, 1537.67
  585.91, 1509.67
  586.17, 1559.33
  586.43, 1681.33
  586.69, 1658.33
  586.95, 1536.33
  587.21, 1465.00
  587.47, 1573.00
  587.73, 1644.33
  587.99, 1682.33
  588.25, 1658.33
  588.51, 1669.33
  588.77, 1568.67
  589.03, 1466.33
  589.29, 1453.67
  589.55, 1509.33
  589.81, 1478.00
  590.07, 1435.33
  590.33, 1485.00
  590.59, 1593.67
  590.85, 1558.67
  591.11, 1483.00
  591.37, 1508.33
  591.64, 1609.67
  591.90, 1560.33
  592.16, 1473.33
  592.42, 1475.67
  592.68, 1540.00
  592.94, 1501.33
  593.20, 1402.33
  593.46, 1417.33
  593.72, 1493.67
  593.98, 1478.00
  594.24, 1422.33
  594.50, 1480.33
  594.76, 1570.00
  595.02, 1599.33
  595.28, 1548.33
  595.54, 1585.67
  595.80, 1572.67
  596.06, 1505.67
  596.32, 1429.33
  596.58, 1509.67
  596.84, 1625.00
  597.10, 1614.67
  597.36, 1555.33
  597.62, 1542.33
  597.88, 1625.67
  598.14, 1616.67
  598.40, 1578.00
  598.66, 1590.00
  598.92, 1595.00
  599.18, 1515.33
  599.44, 1445.33
  599.70, 1601.67
  599.96, 1686.67
  600.22, 1646.33
  600.48, 1477.00
  600.74, 1475.33
  601.00, 1577.67
  601.26, 1604.00
  601.52, 1590.67
  601.78, 1597.67
  602.04, 1640.67
  602.30, 1652.67
  602.56, 1606.67
  602.82, 1616.33
  603.08, 1612.67
  603.34, 1506.33
  603.60, 1397.33
  603.86, 1430.67
  604.12, 1542.67
  604.38, 1523.00
  604.64, 1462.67
  604.90, 1495.33
  605.16, 1592.00
  605.42, 1587.00
  605.68, 1514.33
  605.94, 1524.00
  606.20, 1572.67
  606.46, 1546.00
  606.72, 1452.00
  606.98, 1448.33
  607.24, 1515.67
  607.50, 1503.33
  607.76, 1443.67
  608.02, 1440.00
  608.28, 1482.00
  608.54, 1445.00
  608.80, 1383.00
  609.06, 1446.33
  609.32, 1554.00
  609.58, 1549.67
  609.84, 1466.67
  610.10, 1486.00
  610.36, 1572.33
  610.62, 1533.00
  610.88, 1409.33
  611.14, 1372.67
  611.40, 1470.33
  611.66, 1501.33
  611.92, 1445.00
  612.18, 1457.00
  612.44, 1519.00
  612.70, 1559.00
  612.96, 1512.67
  613.22, 1512.00
  613.48, 1512.00
  613.74, 1466.00
  614.00, 1407.33
  614.26, 1453.67
  614.52, 1529.67
  614.78, 1534.00
  615.04, 1493.00
  615.30, 1501.33
  615.56, 1545.67
  615.82, 1521.00
  616.08, 1479.33
  616.34, 1510.33
  616.60, 1557.00
  616.86, 1532.67
  617.12, 1439.67
  617.37, 1436.67
  617.63, 1518.67
  617.89, 1547.67
  618.15, 1490.67
  618.41, 1472.00
  618.67, 1537.00
  618.93, 1562.33
  619.19, 1520.00
  619.45, 1523.33
  619.71, 1550.67
  619.97, 1554.67
  620.23, 1505.67
  620.49, 1519.33
  620.75, 1563.00
  621.01, 1542.67
  621.27, 1514.33
  621.53, 1480.00
  621.79, 1496.33
  622.05, 1437.33
  622.31, 1384.33
  622.57, 1393.33
  622.82, 1444.67
  623.08, 1431.00
  623.34, 1374.33
  623.60, 1415.33
  623.86, 1497.00
  624.12, 1527.67
  624.38, 1480.67
  624.64, 1500.00
  624.90, 1492.67
  625.16, 1411.00
  625.42, 1327.33
  625.68, 1386.00
  625.94, 1484.33
  626.20, 1487.00
  626.46, 1458.67
  626.72, 1515.67
  626.97, 1556.67
  627.23, 1474.33
  627.49, 1358.33
  627.75, 1412.33
  628.01, 1530.00
  628.27, 1501.00
  628.53, 1425.00
  628.79, 1437.67
  629.05, 1560.67
  629.31, 1520.67
  629.57, 1412.00
  629.83, 1409.33
  630.09, 1516.67
  630.35, 1567.33
  630.60, 1592.00
  630.86, 1624.33
  631.12, 1687.00
  631.38, 1617.67
  631.64, 1676.67
  631.90, 1902.00
  632.16, 2011.67
  632.42, 1836.00
  632.68, 1553.67
  632.94, 1462.67
  633.20, 1551.67
  633.46, 1548.67
  633.71, 1540.33
  633.97, 1590.67
  634.23, 1651.33
  634.49, 1659.67
  634.75, 1603.33
  635.01, 1602.67
  635.27, 1610.00
  635.53, 1534.33
  635.79, 1445.33
  636.05, 1458.67
  636.31, 1505.33
  636.56, 1467.33
  636.82, 1375.00
  637.08, 1385.33
  637.34, 1479.67
  637.60, 1535.33
  637.86, 1544.33
  638.12, 1603.00
  638.38, 1645.00
  638.64, 1588.67
  638.90, 1478.67
  639.15, 1483.33
  639.41, 1508.67
  639.67, 1512.00
  639.93, 1451.67
  640.19, 1510.67
  640.45, 1544.33
  640.71, 1524.00
  640.97, 1457.67
  641.23, 1483.00
  641.48, 1579.67
  641.74, 1537.00
  642.00, 1445.33
  642.26, 1422.00
  642.52, 1514.67
  642.78, 1551.33
  643.04, 1519.00
  643.30, 1525.00
  643.56, 1616.67
  643.81, 1590.67
  644.07, 1517.67
  644.33, 1490.67
  644.59, 1592.33
  644.85, 1571.67
  645.11, 1487.00
  645.37, 1471.33
  645.63, 1542.67
  645.88, 1535.00
  646.14, 1452.33
  646.40, 1477.67
  646.66, 1523.00
  646.92, 1498.00
  647.18, 1462.67
  647.44, 1524.67
  647.70, 1591.67
  647.95, 1584.33
  648.21, 1590.67
  648.47, 1642.00
  648.73, 1681.00
  648.99, 1562.33
  649.25, 1492.00
  649.51, 1553.67
  649.76, 1735.67
  650.02, 1799.00
  650.28, 1796.00
  650.54, 1830.67
  650.80, 1870.33
  651.06, 1838.00
  651.32, 1765.33
  651.57, 1848.33
  651.83, 1922.00
  652.09, 1960.00
  652.35, 1914.67
  652.61, 1918.00
  652.87, 1907.67
  653.13, 1837.33
  653.38, 1735.67
  653.64, 1726.67
  653.90, 1726.33
  654.16, 1671.00
  654.42, 1529.67
  654.68, 1486.00
  654.94, 1516.33
  655.19, 1524.67
  655.45, 1477.00
  655.71, 1539.67
  655.97, 1669.33
  656.23, 1706.00
  656.49, 1653.00
  656.74, 1624.67
  657.00, 1659.33
  657.26, 1615.00
  657.52, 1529.33
  657.78, 1560.33
  658.04, 1662.33
  658.29, 1642.67
  658.55, 1558.33
  658.81, 1584.00
  659.07, 1658.33
  659.33, 1619.00
  659.59, 1491.67
  659.84, 1491.33
  660.10, 1552.33
  660.36, 1550.33
  660.62, 1501.33
  660.88, 1540.67
  661.14, 1566.67
  661.39, 1513.00
  661.65, 1433.33
  661.91, 1483.00
  662.17, 1565.67
  662.43, 1554.00
  662.69, 1600.67
  662.94, 1731.00
  663.20, 1826.33
  663.46, 1738.33
  663.72, 1594.00
  663.98, 1582.00
  664.23, 1623.00
  664.49, 1642.00
  664.75, 1624.33
  665.01, 1662.33
  665.27, 1772.00
  665.53, 1765.00
  665.78, 1694.67
  666.04, 1686.00
  666.30, 1762.00
  666.56, 1713.67
  666.82, 1577.33
  667.07, 1526.67
  667.33, 1604.67
  667.59, 1561.67
  667.85, 1484.67
  668.11, 1475.67
  668.36, 1523.33
  668.62, 1479.67
  668.88, 1403.33
  669.14, 1485.00
  669.40, 1598.67
  669.65, 1565.33
  669.91, 1474.67
  670.17, 1499.67
  670.43, 1586.00
  670.69, 1563.67
  670.94, 1496.33
  671.20, 1520.33
  671.46, 1589.00
  671.72, 1558.00
  671.98, 1490.00
  672.23, 1513.67
  672.49, 1631.00
  672.75, 1634.67
  673.01, 1545.33
  673.27, 1490.00
  673.52, 1533.67
  673.78, 1530.00
  674.04, 1501.00
  674.30, 1558.67
  674.56, 1645.67
  674.81, 1577.67
  675.07, 1492.33
  675.33, 1558.33
  675.59, 1686.67
  675.84, 1661.33
  676.10, 1537.33
  676.36, 1541.67
  676.62, 1637.67
  676.88, 1680.00
  677.13, 1588.33
  677.39, 1558.00
  677.65, 1551.33
  677.91, 1545.33
  678.16, 1475.33
  678.42, 1487.33
  678.68, 1557.33
  678.94, 1543.33
  679.20, 1451.00
  679.45, 1453.33
  679.71, 1528.67
  679.97, 1537.67
  680.23, 1486.00
  680.48, 1549.33
  680.74, 1610.33
  681.00, 1592.33
  681.26, 1497.67
  681.51, 1506.00
  681.77, 1584.67
  682.03, 1580.00
  682.29, 1532.33
  682.54, 1558.67
  682.80, 1657.00
  683.06, 1656.33
  683.32, 1566.33
  683.58, 1557.67
  683.83, 1636.67
  684.09, 1625.00
  684.35, 1547.33
  684.61, 1626.00
  684.86, 1740.00
  685.12, 1712.00
  685.38, 1577.67
  685.64, 1544.33
  685.89, 1602.00
  686.15, 1599.00
  686.41, 1546.33
  686.67, 1633.67
  686.92, 1736.33
  687.18, 1740.67
  687.44, 1591.33
  687.70, 1525.67
  687.95, 1558.00
  688.21, 1551.00
  688.47, 1472.67
  688.72, 1475.00
  688.98, 1544.33
  689.24, 1621.33
  689.50, 1652.00
  689.75, 1709.00
  690.01, 1731.00
  690.27, 1656.00
  690.53, 1592.67
  690.78, 1616.67
  691.04, 1645.00
  691.30, 1545.33
  691.56, 1412.67
  691.81, 1416.67
  692.07, 1531.00
  692.33, 1539.67
  692.58, 1479.67
  692.84, 1489.33
  693.10, 1582.33
  693.36, 1574.67
  693.61, 1541.00
  693.87, 1583.33
  694.13, 1682.00
  694.39, 1639.00
  694.64, 1514.00
  694.90, 1475.00
  695.16, 1502.67
  695.41, 1462.00
  695.67, 1428.67
  695.93, 1501.67
  696.19, 1618.00
  696.44, 1593.33
  696.70, 1577.00
  696.96, 1597.00
  697.21, 1618.00
  697.47, 1511.33
  697.73, 1434.67
  697.99, 1497.33
  698.24, 1574.33
  698.50, 1527.33
  698.76, 1467.00
  699.01, 1478.67
  699.27, 1594.00
  699.53, 1547.67
  699.79, 1479.67
  700.04, 1488.33
  700.30, 1579.33
  700.56, 1564.33
  700.81, 1519.00
  701.07, 1568.00
  701.33, 1660.67
  701.58, 1587.33
  701.84, 1464.33
  702.10, 1447.33
  702.36, 1490.00
  702.61, 1475.67
  702.87, 1391.33
  703.13, 1415.00
  703.38, 1475.33
  703.64, 1490.33
  703.90, 1458.67
  704.15, 1486.67
  704.41, 1547.33
  704.67, 1509.33
  704.93, 1457.00
  705.18, 1502.00
  705.44, 1600.00
  705.70, 1597.00
  705.95, 1550.00
  706.21, 1611.33
  706.47, 1653.00
  706.72, 1604.67
  706.98, 1595.67
  707.24, 1608.33
  707.49, 1622.33
  707.75, 1537.33
  708.01, 1586.33
  708.26, 1704.33
  708.52, 1756.00
  708.78, 1609.00
  709.03, 1477.33
  709.29, 1480.67
  709.55, 1595.33
  709.80, 1655.00
  710.06, 1630.00
  710.32, 1610.67
  710.57, 1584.00
  710.83, 1485.67
  711.09, 1457.00
  711.34, 1535.33
  711.60, 1628.67
  711.86, 1594.33
  712.11, 1494.33
  712.37, 1564.67
  712.63, 1661.00
  712.88, 1667.67
  713.14, 1559.33
  713.40, 1559.00
  713.65, 1595.00
  713.91, 1625.33
  714.17, 1604.33
  714.42, 1625.00
  714.68, 1617.00
  714.94, 1511.00
  715.19, 1474.67
  715.45, 1500.33
  715.71, 1576.67
  715.96, 1503.67
  716.22, 1467.00
  716.48, 1493.33
  716.73, 1545.00
  716.99, 1484.33
  717.25, 1458.33
  717.50, 1586.00
  717.76, 1656.00
  718.02, 1591.67
  718.27, 1453.00
  718.53, 1475.67
  718.79, 1537.67
  719.04, 1489.00
  719.30, 1433.67
  719.55, 1462.67
  719.81, 1542.33
  720.07, 1508.00
  720.32, 1498.33
  720.58, 1559.67
  720.84, 1618.00
  721.09, 1508.33
  721.35, 1414.33
  721.61, 1459.00
  721.86, 1573.67
  722.12, 1589.33
  722.37, 1589.00
  722.63, 1618.00
  722.89, 1617.33
  723.14, 1506.33
  723.40, 1407.67
  723.66, 1442.33
  723.91, 1502.00
  724.17, 1463.67
  724.43, 1403.33
  724.68, 1441.67
  724.94, 1495.00
  725.19, 1448.67
  725.45, 1388.00
  725.71, 1478.33
  725.96, 1559.33
  726.22, 1551.33
  726.48, 1452.33
  726.73, 1469.33
  726.99, 1547.33
  727.24, 1580.33
  727.50, 1540.67
  727.76, 1534.67
  728.01, 1566.33
  728.27, 1571.00
  728.52, 1531.00
  728.78, 1543.67
  729.04, 1593.67
  729.29, 1621.33
  729.55, 1583.33
  729.81, 1660.00
  730.06, 1722.67
  730.32, 1706.00
  730.57, 1566.67
  730.83, 1517.33
  731.09, 1552.00
  731.34, 1597.33
  731.60, 1502.33
  731.85, 1520.00
  732.11, 1556.00
  732.37, 1606.67
  732.62, 1567.33
  732.88, 1586.67
  733.13, 1641.00
  733.39, 1623.33
  733.65, 1559.33
  733.90, 1524.33
  734.16, 1536.33
  734.41, 1503.00
  734.67, 1534.33
  734.93, 1630.33
  735.18, 1681.00
  735.44, 1635.33
  735.69, 1540.00
  735.95, 1596.00
  736.20, 1622.00
  736.46, 1558.33
  736.72, 1416.00
  736.97, 1425.00
  737.23, 1522.00
  737.48, 1561.00
  737.74, 1492.33
  738.00, 1522.33
  738.25, 1572.00
  738.51, 1532.67
  738.76, 1432.33
  739.02, 1450.00
  739.27, 1520.33
  739.53, 1457.33
  739.79, 1358.33
  740.04, 1389.33
  740.30, 1492.67
  740.55, 1496.33
  740.81, 1415.33
  741.07, 1403.00
  741.32, 1455.00
  741.58, 1468.00
  741.83, 1442.67
  742.09, 1510.67
  742.34, 1629.67
  742.60, 1653.67
  742.86, 1597.67
  743.11, 1542.33
  743.37, 1584.33
  743.62, 1522.00
  743.88, 1485.00
  744.13, 1505.67
  744.39, 1570.33
  744.64, 1531.67
  744.90, 1488.67
  745.16, 1525.33
  745.41, 1623.00
  745.67, 1628.67
  745.92, 1581.00
  746.18, 1545.33
  746.43, 1539.33
  746.69, 1538.33
  746.94, 1582.67
  747.20, 1612.00
  747.46, 1609.00
  747.71, 1503.67
  747.97, 1495.33
  748.22, 1632.33
  748.48, 1730.00
  748.73, 1660.00
  748.99, 1519.67
  749.24, 1566.67
  749.50, 1646.33
  749.76, 1607.00
  750.01, 1557.00
  750.27, 1647.67
  750.52, 1698.33
  750.78, 1588.67
  751.03, 1427.00
  751.29, 1471.00
  751.54, 1594.33
  751.80, 1561.33
  752.05, 1473.67
  752.31, 1453.33
  752.56, 1523.33
  752.82, 1515.67
  753.08, 1467.33
  753.33, 1498.67
  753.59, 1564.67
  753.84, 1531.67
  754.10, 1462.67
  754.35, 1467.33
  754.61, 1520.67
  754.86, 1530.00
  755.12, 1523.67
  755.37, 1574.67
  755.63, 1588.00
  755.88, 1510.00
  756.14, 1419.00
  756.39, 1464.67
  756.65, 1537.67
  756.90, 1563.33
  757.16, 1566.00
  757.41, 1581.67
  757.67, 1599.00
  757.92, 1519.00
  758.18, 1457.67
  758.44, 1499.33
  758.69, 1554.67
  758.95, 1546.00
  759.20, 1488.00
  759.46, 1523.33
  759.71, 1595.67
  759.97, 1551.67
  760.22, 1474.33
  760.48, 1460.00
  760.73, 1528.67
  760.99, 1531.33
  761.24, 1497.00
  761.50, 1507.67
  761.75, 1594.67
  762.01, 1539.33
  762.26, 1457.00
  762.52, 1483.67
  762.77, 1683.67
  763.03, 1671.67
  763.28, 1559.67
  763.54, 1490.00
  763.79, 1522.67
  764.05, 1466.67
  764.30, 1376.00
  764.56, 1480.00
  764.81, 1567.67
  765.07, 1523.00
  765.32, 1454.00
  765.58, 1480.67
  765.83, 1562.67
  766.09, 1564.00
  766.34, 1564.67
  766.60, 1631.00
  766.85, 1672.33
  767.11, 1589.33
  767.36, 1472.33
  767.62, 1464.00
  767.87, 1519.33
  768.13, 1527.67
  768.38, 1482.67
  768.63, 1542.00
  768.89, 1610.67
  769.14, 1539.33
  769.40, 1433.67
  769.65, 1468.33
  769.91, 1557.00
  770.16, 1516.00
  770.42, 1417.00
  770.67, 1465.67
  770.93, 1629.00
  771.18, 1601.33
  771.44, 1527.00
  771.69, 1503.00
  771.95, 1632.33
  772.20, 1578.00
  772.46, 1492.33
  772.71, 1472.33
  772.97, 1556.00
  773.22, 1564.67
  773.47, 1501.33
  773.73, 1549.00
  773.98, 1612.00
  774.24, 1581.00
  774.49, 1468.33
  774.75, 1448.33
  775.00, 1489.67
  775.26, 1459.67
  775.51, 1407.00
  775.77, 1486.00
  776.02, 1649.00
  776.28, 1644.33
  776.53, 1540.00
  776.78, 1487.00
  777.04, 1554.33
  777.29, 1556.67
  777.55, 1555.33
  777.80, 1561.67
  778.06, 1615.33
  778.31, 1575.00
  778.57, 1525.67
  778.82, 1568.00
  779.08, 1633.00
  779.33, 1606.00
  779.58, 1493.67
  779.84, 1479.33
  780.09, 1540.33
  780.35, 1515.00
  780.60, 1440.33
  780.86, 1419.67
  781.11, 1470.00
  781.37, 1459.00
  781.62, 1485.67
  781.87, 1614.33
  782.13, 1689.67
  782.38, 1628.00
  782.64, 1513.33
  782.89, 1562.00
  783.15, 1626.00
  783.40, 1595.67
  783.65, 1530.67
  783.91, 1578.67
  784.16, 1637.33
  784.42, 1591.00
  784.67, 1497.33
  784.93, 1553.33
  785.18, 1625.33
  785.43, 1598.33
  785.69, 1505.00
  785.94, 1502.33
  786.20, 1575.67
  786.45, 1610.00
  786.71, 1586.67
  786.96, 1597.67
  787.21, 1590.00
  787.47, 1517.00
  787.72, 1488.00
  787.98, 1520.33
  788.23, 1589.00
  788.49, 1555.33
  788.74, 1520.33
  788.99, 1567.33
  789.25, 1616.67
  789.50, 1566.67
  789.76, 1526.67
  790.01, 1568.00
  790.26, 1646.67
  790.52, 1592.33
  790.77, 1467.33
  791.03, 1452.33
  791.28, 1534.00
  791.53, 1549.00
  791.79, 1497.00
  792.04, 1498.33
  792.30, 1544.33
  792.55, 1503.33
  792.80, 1440.00
  793.06, 1467.00
  793.31, 1560.00
  793.57, 1559.33
  793.82, 1518.33
  794.07, 1595.00
  794.33, 1672.33
  794.58, 1672.67
  794.84, 1578.00
  795.09, 1625.00
  795.34, 1601.00
  795.60, 1528.33
  795.85, 1420.33
  796.11, 1488.67
  796.36, 1577.33
  796.61, 1510.33
  796.87, 1436.33
  797.12, 1505.33
  797.38, 1650.00
  797.63, 1710.33
  797.88, 1570.67
  798.14, 1499.67
  798.39, 1489.67
  798.64, 1480.67
  798.90, 1452.00
  799.15, 1532.67
  799.41, 1696.00
  799.66, 1685.00
  799.91, 1589.67
  800.17, 1516.00
  800.42, 1565.00
  800.67, 1551.67
  800.93, 1576.67
  801.18, 1668.33
  801.44, 1738.00
  801.69, 1679.00
  801.94, 1563.00
  802.20, 1553.67
  802.45, 1612.00
  802.70, 1621.67
  802.96, 1590.33
  803.21, 1624.33
  803.47, 1667.67
  803.72, 1623.00
  803.97, 1579.00
  804.23, 1596.67
  804.48, 1633.00
  804.73, 1537.33
  804.99, 1481.67
  805.24, 1551.67
  805.49, 1631.00
  805.75, 1600.00
  806.00, 1503.00
  806.26, 1506.67
  806.51, 1532.33
  806.76, 1477.33
  807.02, 1449.67
  807.27, 1504.67
  807.52, 1608.33
  807.78, 1579.00
  808.03, 1550.00
  808.28, 1557.00
  808.54, 1596.67
  808.79, 1545.33
  809.04, 1586.33
  809.30, 1751.00
  809.55, 1794.33
  809.80, 1681.33
  810.06, 1551.67
  810.31, 1627.33
  810.56, 1678.00
  810.82, 1597.67
  811.07, 1505.67
  811.32, 1521.67
  811.58, 1538.67
  811.83, 1505.33
  812.08, 1497.33
  812.34, 1549.67
  812.59, 1584.67
  812.84, 1497.67
  813.10, 1453.67
  813.35, 1469.00
  813.60, 1559.33
  813.86, 1610.67
  814.11, 1626.00
  814.36, 1674.33
  814.62, 1645.00
  814.87, 1583.67
  815.12, 1483.33
  815.38, 1504.00
  815.63, 1554.00
  815.88, 1571.00
  816.14, 1540.67
  816.39, 1583.00
  816.64, 1601.00
  816.90, 1523.00
  817.15, 1422.33
  817.40, 1484.67
  817.66, 1564.33
  817.91, 1537.33
  818.16, 1463.33
  818.42, 1506.67
  818.67, 1592.00
  818.92, 1549.00
  819.18, 1484.00
  819.43, 1532.67
  819.68, 1598.67
  819.93, 1528.33
  820.19, 1416.33
  820.44, 1461.33
  820.69, 1635.00
  820.95, 1651.33
  821.20, 1601.33
  821.45, 1591.67
  821.71, 1673.67
  821.96, 1610.00
  822.21, 1503.67
  822.47, 1498.33
  822.72, 1600.67
  822.97, 1641.67
  823.22, 1584.33
  823.48, 1525.33
  823.73, 1503.00
  823.98, 1480.00
  824.24, 1472.00
  824.49, 1538.00
  824.74, 1640.67
  824.99, 1617.33
  825.25, 1560.00
  825.50, 1552.67
  825.75, 1570.67
  826.01, 1519.67
  826.26, 1506.33
  826.51, 1613.33
  826.77, 1720.00
  827.02, 1656.00
  827.27, 1532.67
  827.52, 1515.33
  827.78, 1568.67
  828.03, 1599.67
  828.28, 1580.67
  828.53, 1594.33
  828.79, 1617.33
  829.04, 1558.33
  829.29, 1475.00
  829.55, 1491.33
  829.80, 1583.67
  830.05, 1577.00
  830.30, 1504.67
  830.56, 1480.00
  830.81, 1527.33
  831.06, 1505.00
  831.32, 1468.33
  831.57, 1509.00
  831.82, 1593.00
  832.07, 1558.33
  832.33, 1469.67
  832.58, 1497.00
  832.83, 1559.33
  833.08, 1548.00
  833.34, 1529.00
  833.59, 1583.67
  833.84, 1621.00
  834.09, 1543.67
  834.35, 1475.00
  834.60, 1531.67
  834.85, 1591.33
  835.10, 1539.33
  835.36, 1462.00
  835.61, 1490.33
  835.86, 1557.00
  836.11, 1539.33
  836.37, 1465.00
  836.62, 1542.33
  836.87, 1621.33
  837.12, 1609.00
  837.38, 1534.00
  837.63, 1623.33
  837.88, 1705.33
  838.13, 1635.67
  838.39, 1558.33
  838.64, 1601.33
  838.89, 1680.00
  839.14, 1551.33
  839.40, 1416.00
  839.65, 1392.67
  839.90, 1502.33
  840.15, 1490.67
  840.41, 1489.00
  840.66, 1530.00
  840.91, 1647.33
  841.16, 1573.33
  841.42, 1489.33
  841.67, 1480.67
  841.92, 1563.67
  842.17, 1541.67
  842.43, 1460.67
  842.68, 1458.33
  842.93, 1496.33
  843.18, 1458.67
  843.43, 1425.33
  843.69, 1469.00
  843.94, 1542.33
  844.19, 1500.67
  844.44, 1406.00
  844.70, 1411.00
  844.95, 1481.67
  845.20, 1526.00
  845.45, 1512.67
  845.70, 1560.67
  845.96, 1617.00
  846.21, 1573.33
  846.46, 1464.33
  846.71, 1493.67
  846.97, 1602.33
  847.22, 1625.00
  847.47, 1564.00
  847.72, 1556.67
  847.97, 1605.67
  848.23, 1537.67
  848.48, 1436.33
  848.73, 1438.67
  848.98, 1507.00
  849.23, 1537.33
  849.49, 1503.33
  849.74, 1518.00
  849.99, 1539.67
  850.24, 1497.67
  850.50, 1467.67
  850.75, 1496.67
  851.00, 1576.33
  851.25, 1530.33
  851.50, 1462.33
  851.76, 1435.33
  852.01, 1474.67
  852.26, 1487.00
  852.51, 1501.67
  852.76, 1580.00
  853.02, 1629.33
  853.27, 1579.33
  853.52, 1489.33
  853.77, 1552.67
  854.02, 1649.00
  854.27, 1599.67
  854.53, 1451.33
  854.78, 1377.67
  855.03, 1456.67
  855.28, 1552.33
  855.53, 1556.33
  855.79, 1596.33
  856.04, 1582.67
  856.29, 1508.67
  856.54, 1401.00
  856.79, 1414.67
  857.05, 1523.33
  857.30, 1571.67
  857.55, 1521.67
  857.80, 1534.67
  858.05, 1550.67
  858.30, 1516.67
  858.56, 1453.33
  858.81, 1519.67
  859.06, 1561.00
  859.31, 1526.00
  859.56, 1428.33
  859.81, 1430.33
  860.07, 1468.67
  860.32, 1446.00
  860.57, 1451.33
  860.82, 1588.67
  861.07, 1673.33
  861.32, 1627.33
  861.58, 1473.33
  861.83, 1463.33
  862.08, 1543.67
  862.33, 1570.33
  862.58, 1558.33
  862.83, 1559.67
  863.09, 1627.00
  863.34, 1608.00
  863.59, 1539.33
  863.84, 1551.00
  864.09, 1625.00
  864.34, 1617.67
  864.60, 1479.33
  864.85, 1466.67
  865.10, 1598.67
  865.35, 1629.00
  865.60, 1556.67
  865.85, 1537.00
  866.10, 1584.00
  866.36, 1541.33
  866.61, 1422.67
  866.86, 1460.67
  867.11, 1564.00
  867.36, 1589.67
  867.61, 1519.67
  867.86, 1493.67
  868.12, 1535.00
  868.37, 1490.67
  868.62, 1428.33
  868.87, 1442.00
  869.12, 1510.33
  869.37, 1475.33
  869.62, 1418.33
  869.88, 1507.33
  870.13, 1615.00
  870.38, 1580.67
  870.63, 1483.00
  870.88, 1504.67
  871.13, 1604.33
  871.38, 1568.67
  871.64, 1457.00
  871.89, 1454.33
  872.14, 1567.67
  872.39, 1585.67
  872.64, 1513.00
  872.89, 1495.33
  873.14, 1566.67
  873.39, 1587.67
  873.65, 1570.00
  873.90, 1573.33
  874.15, 1599.33
  874.40, 1526.00
  874.65, 1495.33
  874.90, 1503.00
  875.15, 1518.33
  875.40, 1428.00
  875.65, 1355.33
  875.91, 1408.33
  876.16, 1501.33
  876.41, 1539.33
  876.66, 1530.67
  876.91, 1568.00
  877.16, 1581.33
  877.41, 1561.33
  877.66, 1576.00
  877.91, 1688.33
  878.17, 1704.00
  878.42, 1619.00
  878.67, 1525.67
  878.92, 1566.00
  879.17, 1613.33
  879.42, 1554.33
  879.67, 1467.00
  879.92, 1524.67
  880.17, 1605.00
  880.43, 1559.67
  880.68, 1449.33
  880.93, 1424.00
  881.18, 1514.00
  881.43, 1510.67
  881.68, 1491.00
  881.93, 1525.67
  882.18, 1564.00
  882.43, 1505.33
  882.68, 1407.00
  882.93, 1485.00
  883.19, 1639.00
  883.44, 1688.00
  883.69, 1599.00
  883.94, 1512.33
  884.19, 1513.00
  884.44, 1480.00
  884.69, 1427.00
  884.94, 1447.00
  885.19, 1527.33
  885.44, 1537.00
  885.69, 1505.33
  885.94, 1555.33
  886.20, 1651.00
  886.45, 1612.67
  886.70, 1509.00
  886.95, 1524.67
  887.20, 1607.67
  887.45, 1596.33
  887.70, 1493.67
  887.95, 1511.00
  888.20, 1584.33
  888.45, 1600.00
  888.70, 1566.33
  888.95, 1598.33
  889.20, 1632.67
  889.45, 1568.33
  889.71, 1483.00
  889.96, 1495.33
  890.21, 1557.00
  890.46, 1543.00
  890.71, 1510.67
  890.96, 1590.33
  891.21, 1662.00
  891.46, 1683.00
  891.71, 1568.00
  891.96, 1549.33
  892.21, 1587.67
  892.46, 1529.33
  892.71, 1444.00
  892.96, 1416.33
  893.21, 1487.33
  893.46, 1476.00
  893.71, 1408.33
  893.97, 1438.67
  894.22, 1494.67
  894.47, 1451.00
  894.72, 1414.67
  894.97, 1467.33
  895.22, 1603.67
  895.47, 1592.33
  895.72, 1522.00
  895.97, 1528.33
  896.22, 1584.00
  896.47, 1543.67
  896.72, 1495.67
  896.97, 1561.67
  897.22, 1655.67
  897.47, 1614.33
  897.72, 1511.00
  897.97, 1527.33
  898.22, 1611.33
  898.47, 1654.00
  898.72, 1592.67
  898.97, 1568.67
  899.22, 1561.33
  899.47, 1528.00
  899.72, 1436.00
  899.97, 1457.67
  900.22, 1522.00
  900.48, 1552.67
  900.73, 1516.00
  900.98, 1533.33
  901.23, 1563.33
  901.48, 1514.00
  901.73, 1494.33
  901.98, 1556.00
  902.23, 1625.67
  902.48, 1583.33
  902.73, 1504.33
  902.98, 1493.33
  903.23, 1531.00
  903.48, 1456.33
  903.73, 1404.67
  903.98, 1472.33
  904.23, 1572.67
  904.48, 1573.33
  904.73, 1500.67
  904.98, 1553.00
  905.23, 1579.33
  905.48, 1527.33
  905.73, 1453.33
  905.98, 1495.67
  906.23, 1583.00
  906.48, 1595.00
  906.73, 1528.33
  906.98, 1485.00
  907.23, 1452.00
  907.48, 1411.00
  907.73, 1371.67
  907.98, 1455.67
  908.23, 1578.67
  908.48, 1567.00
  908.73, 1462.00
  908.98, 1450.33
  909.23, 1530.67
  909.48, 1517.67
  909.73, 1425.00
  909.98, 1418.33
  910.23, 1444.67
  910.48, 1405.67
  910.73, 1341.00
  910.98, 1381.67
  911.23, 1450.67
  911.48, 1454.00
  911.73, 1457.67
  911.98, 1504.67
  912.23, 1535.33
  912.48, 1449.00
  912.73, 1396.33
  912.98, 1457.67
  913.23, 1557.33
  913.48, 1538.33
  913.73, 1453.67
  913.98, 1467.33
  914.23, 1516.00
  914.48, 1514.00
  914.73, 1492.67
  914.98, 1532.00
  915.23, 1627.00
  915.47, 1595.33
  915.72, 1501.33
  915.97, 1443.33
  916.22, 1486.33
  916.47, 1516.00
  916.72, 1485.00
  916.97, 1472.67
  917.22, 1514.00
  917.47, 1551.67
  917.72, 1560.67
  917.97, 1568.33
  918.22, 1566.33
  918.47, 1530.67
  918.72, 1542.00
  918.97, 1583.33
  919.22, 1614.67
  919.47, 1516.33
  919.72, 1453.00
  919.97, 1498.00
  920.22, 1582.33
  920.47, 1568.00
  920.72, 1485.33
  920.97, 1495.67
  921.22, 1525.67
  921.47, 1512.00
  921.72, 1514.33
  921.96, 1606.00
  922.21, 1661.33
  922.46, 1521.33
  922.71, 1380.00
  922.96, 1410.67
  923.21, 1537.00
  923.46, 1552.33
  923.71, 1475.67
  923.96, 1470.33
  924.21, 1518.00
  924.46, 1515.67
  924.71, 1442.67
  924.96, 1417.00
  925.21, 1455.00
  925.46, 1506.00
  925.71, 1516.00
  925.96, 1566.67
  926.20, 1579.00
  926.45, 1509.33
  926.70, 1417.33
  926.95, 1434.33
  927.20, 1516.33
  927.45, 1480.67
  927.70, 1403.00
  927.95, 1422.67
  928.20, 1491.33
  928.45, 1465.00
  928.70, 1399.67
  928.95, 1419.33
  929.20, 1490.33
  929.45, 1469.67
  929.69, 1443.00
  929.94, 1490.33
  930.19, 1577.67
  930.44, 1572.67
  930.69, 1590.67
  930.94, 1600.00
  931.19, 1629.00
  931.44, 1565.00
  931.69, 1545.00
  931.94, 1531.67
  932.19, 1552.67
  932.44, 1494.33
  932.68, 1459.00
  932.93, 1505.00
  933.18, 1586.00
  933.43, 1598.33
  933.68, 1535.00
  933.93, 1539.67
  934.18, 1582.67
  934.43, 1497.00
  934.68, 1384.33
  934.93, 1381.67
  935.17, 1503.00
  935.42, 1529.33
  935.67, 1456.67
  935.92, 1457.33
  936.17, 1530.67
  936.42, 1592.67
  936.67, 1551.00
  936.92, 1551.67
  937.17, 1557.33
  937.42, 1521.00
  937.66, 1491.33
  937.91, 1548.33
  938.16, 1601.67
  938.41, 1537.33
  938.66, 1444.67
  938.91, 1435.33
  939.16, 1474.00
  939.41, 1448.67
  939.66, 1442.00
  939.90, 1521.00
  940.15, 1611.00
  940.40, 1571.67
  940.65, 1502.33
  940.90, 1551.33
  941.15, 1686.00
  941.40, 1723.67
  941.65, 1607.33
  941.89, 1577.33
  942.14, 1610.33
  942.39, 1625.67
  942.64, 1539.33
  942.89, 1534.67
  943.14, 1577.00
  943.39, 1545.33
  943.64, 1423.67
  943.88, 1387.00
  944.13, 1458.33
  944.38, 1463.67
  944.63, 1447.67
  944.88, 1536.00
  945.13, 1707.67
  945.38, 1718.67
  945.63, 1634.00
  945.87, 1575.67
  946.12, 1690.33
  946.37, 1722.33
  946.62, 1664.33
  946.87, 1572.00
  947.12, 1549.67
  947.37, 1551.67
  947.61, 1524.00
  947.86, 1689.67
  948.11, 2109.67
  948.36, 2109.00
  948.61, 1862.67
  948.86, 1447.67
  949.10, 1471.67
  949.35, 1492.67
  949.60, 1496.67
  949.85, 1561.33
  950.10, 1616.33
  950.35, 1589.33
  950.60, 1541.67
  950.84, 1555.00
  951.09, 1610.00
  951.34, 1576.67
  951.59, 1563.67
  951.84, 1586.33
  952.09, 1603.33
  952.33, 1534.33
  952.58, 1493.00
  952.83, 1594.67
  953.08, 1666.00
  953.33, 1613.00
  953.58, 1486.33
  953.82, 1589.67
  954.07, 1805.33
  954.32, 1831.67
  954.57, 1704.00
  954.82, 1567.33
  955.07, 1625.67
  955.31, 1582.33
  955.56, 1554.00
  955.81, 1530.00
  956.06, 1588.33
  956.31, 1521.67
  956.56, 1462.00
  956.80, 1485.33
  957.05, 1571.33
  957.30, 1544.33
  957.55, 1473.00
  957.80, 1487.00
  958.04, 1592.33
  958.29, 1602.00
  958.54, 1532.00
  958.79, 1485.00
  959.04, 1552.00
  959.29, 1607.67
  959.53, 1614.00
  959.78, 1585.33
  960.03, 1586.67
  960.28, 1552.67
  960.53, 1527.33
  960.77, 1590.67
  961.02, 1666.33
  961.27, 1658.00
  961.52, 1557.00
  961.77, 1525.33
  962.01, 1581.00
  962.26, 1525.67
  962.51, 1485.00
  962.76, 1506.00
  963.01, 1606.00
  963.25, 1609.33
  963.50, 1569.00
  963.75, 1632.33
  964.00, 1726.33
  964.25, 1688.33
  964.49, 1538.67
  964.74, 1496.00
  964.99, 1533.00
  965.24, 1541.00
  965.49, 1471.67
  965.73, 1471.33
  965.98, 1523.33
  966.23, 1523.00
  966.48, 1512.00
  966.72, 1611.00
  966.97, 1711.00
  967.22, 1719.00
  967.47, 1593.67
  967.72, 1523.67
  967.96, 1519.33
  968.21, 1520.00
  968.46, 1477.33
  968.71, 1524.00
  968.95, 1546.00
  969.20, 1527.00
  969.45, 1426.00
  969.70, 1477.00
  969.95, 1569.33
  970.19, 1554.33
  970.44, 1500.33
  970.69, 1516.67
  970.94, 1609.67
  971.18, 1585.33
  971.43, 1521.00
  971.68, 1495.00
  971.93, 1548.00
  972.17, 1559.00
  972.42, 1544.67
  972.67, 1552.67
  972.92, 1563.00
  973.17, 1559.33
  973.41, 1549.67
  973.66, 1572.67
  973.91, 1602.67
  974.16, 1502.00
  974.40, 1459.00
  974.65, 1509.00
  974.90, 1622.33
  975.15, 1617.00
  975.39, 1564.33
  975.64, 1600.67
  975.89, 1687.67
  976.14, 1645.67
  976.38, 1575.00
  976.63, 1549.33
  976.88, 1618.00
  977.13, 1594.00
  977.37, 1539.33
  977.62, 1579.67
  977.87, 1663.67
  978.12, 1624.00
  978.36, 1520.33
  978.61, 1497.00
  978.86, 1572.00
  979.10, 1614.00
  979.35, 1576.00
  979.60, 1596.67
  979.85, 1579.33
  980.09, 1524.67
  980.34, 1438.33
  980.59, 1472.67
  980.84, 1555.33
  981.08, 1570.00
  981.33, 1523.00
  981.58, 1524.67
  981.83, 1529.67
  982.07, 1476.00
  982.32, 1387.33
  982.57, 1422.00
  982.81, 1452.67
  983.06, 1452.00
  983.31, 1388.00
  983.56, 1438.33
  983.80, 1522.33
  984.05, 1555.00
  984.30, 1526.00
  984.54, 1545.67
  984.79, 1583.67
  985.04, 1561.33
  985.29, 1503.67
  985.53, 1546.67
  985.78, 1621.67
  986.03, 1591.67
  986.27, 1510.67
  986.52, 1530.00
  986.77, 1574.67
  987.02, 1535.33
  987.26, 1486.00
  987.51, 1551.00
  987.76, 1661.67
  988.00, 1590.67
  988.25, 1507.33
  988.50, 1517.00
  988.75, 1588.00
  988.99, 1530.00
  989.24, 1429.00
  989.49, 1447.67
  989.73, 1543.33
  989.98, 1598.67
  990.23, 1571.00
  990.47, 1603.33
  990.72, 1600.67
  990.97, 1599.33
  991.21, 1548.33
  991.46, 1539.00
  991.71, 1534.67
  991.96, 1511.67
  992.20, 1493.67
  992.45, 1540.00
  992.70, 1568.33
  992.94, 1535.33
  993.19, 1493.00
  993.44, 1583.00
  993.68, 1675.00
  993.93, 1697.33
  994.18, 1596.00
  994.42, 1655.00
  994.67, 1694.67
  994.92, 1668.67
  995.16, 1520.67
  995.41, 1439.33
  995.66, 1450.67
  995.90, 1507.67
  996.15, 1549.00
  996.40, 1578.33
  996.64, 1586.67
  996.89, 1544.00
  997.14, 1497.67
  997.38, 1526.67
  997.63, 1548.67
  997.88, 1524.00
  998.12, 1466.67
  998.37, 1522.00
  998.62, 1659.33
  998.86, 1644.33
  999.11, 1582.67
  999.36, 1534.00
  999.60, 1526.67
  999.85, 1454.33
 1000.10, 1356.00
 1000.34, 1402.00
 1000.59, 1505.00
 1000.84, 1532.33
 1001.08, 1502.33
 1001.33, 1512.00
 1001.58, 1558.00
 1001.82, 1552.67
 1002.07, 1519.67
 1002.32, 1554.00
 1002.56, 1586.00
 1002.81, 1531.67
 1003.06, 1454.67
 1003.30, 1466.67
 1003.55, 1542.33
 1003.80, 1530.33
 1004.04, 1505.00
 1004.29, 1557.00
 1004.53, 1666.00
 1004.78, 1652.33
 1005.03, 1557.33
 1005.27, 1581.33
 1005.52, 1643.00
 1005.77, 1643.67
 1006.01, 1590.67
 1006.26, 1621.00
 1006.51, 1661.67
 1006.75, 1549.67
 1007.00, 1408.67
 1007.24, 1408.33
 1007.49, 1481.33
 1007.74, 1476.33
 1007.98, 1446.33
 1008.23, 1496.00
 1008.48, 1601.00
 1008.72, 1587.00
 1008.97, 1516.33
 1009.21, 1545.00
 1009.46, 1646.67
 1009.71, 1680.00
 1009.95, 1584.00
 1010.20, 1545.00
 1010.45, 1545.33
 1010.69, 1511.33
 1010.94, 1431.67
 1011.18, 1442.00
 1011.43, 1511.33
 1011.68, 1541.67
 1011.92, 1542.67
 1012.17, 1564.00
 1012.41, 1575.00
 1012.66, 1495.00
 1012.91, 1438.00
 1013.15, 1500.00
 1013.40, 1603.33
 1013.65, 1592.67
 1013.89, 1473.33
 1014.14, 1443.33
 1014.38, 1485.67
 1014.63, 1482.00
 1014.88, 1427.00
 1015.12, 1443.33
 1015.37, 1528.00
 1015.61, 1525.67
 1015.86, 1511.33
 1016.11, 1519.00
 1016.35, 1573.00
 1016.60, 1550.00
 1016.84, 1497.33
 1017.09, 1541.33
 1017.33, 1601.00
 1017.58, 1597.00
 1017.83, 1536.33
 1018.07, 1545.00
 1018.32, 1560.67
 1018.56, 1502.33
 1018.81, 1414.00
 1019.06, 1453.00
 1019.30, 1529.33
 1019.55, 1541.33
 1019.79, 1570.33
 1020.04, 1643.67
 1020.29, 1666.33
 1020.53, 1551.33
 1020.78, 1445.67
 1021.02, 1469.67
 1021.27, 1530.00
 1021.51, 1513.00
 1021.76, 1474.00
 1022.01, 1524.00
 1022.25, 1598.67
 1022.50, 1573.33
 1022.74, 1495.67
 1022.99, 1519.67
 1023.23, 1632.00
 1023.48, 1664.67
 1023.73, 1598.00
 1023.97, 1567.67
 1024.22, 1546.33
 1024.46, 1478.67
 1024.71, 1407.33
 1024.95, 1429.67
 1025.20, 1492.67
 1025.44, 1501.33
 1025.69, 1470.67
 1025.94, 1496.67
 1026.18, 1537.67
 1026.43, 1495.00
 1026.67, 1494.00
 1026.92, 1551.00
 1027.16, 1592.67
 1027.41, 1514.33
 1027.65, 1433.00
 1027.90, 1475.00
 1028.15, 1524.33
 1028.39, 1450.00
 1028.64, 1410.67
 1028.88, 1493.00
 1029.13, 1581.00
 1029.37, 1498.67
 1029.62, 1387.33
 1029.86, 1425.33
 1030.11, 1542.67
 1030.35, 1568.33
 1030.60, 1503.33
 1030.85, 1496.00
 1031.09, 1524.67
 1031.34, 1566.67
 1031.58, 1605.67
 1031.83, 1603.00
 1032.07, 1571.67
 1032.32, 1453.33
 1032.56, 1421.00
 1032.81, 1493.67
 1033.05, 1583.33
 1033.30, 1547.00
 1033.54, 1489.33
 1033.79, 1551.67
 1034.03, 1671.00
 1034.28, 1653.00
 1034.53, 1577.67
 1034.77, 1582.00
 1035.02, 1614.33
 1035.26, 1571.67
 1035.51, 1523.33
 1035.75, 1576.00
 1036.00, 1689.33
 1036.24, 1656.33
 1036.49, 1590.67
 1036.73, 1575.00
 1036.98, 1643.33
 1037.22, 1630.33
 1037.47, 1549.33
 1037.71, 1549.00
 1037.96, 1579.67
 1038.20, 1560.33
 1038.45, 1491.67
 1038.69, 1487.67
 1038.94, 1546.67
 1039.18, 1543.00
 1039.43, 1501.33
 1039.67, 1516.00
 1039.92, 1595.33
 1040.16, 1570.33
 1040.41, 1476.00
 1040.65, 1482.00
 1040.90, 1566.67
 1041.14, 1586.67
 1041.39, 1508.67
 1041.63, 1534.00
 1041.88, 1647.00
 1042.12, 1649.67
 1042.37, 1557.33
 1042.61, 1497.00
 1042.86, 1473.67
 1043.10, 1478.67
 1043.35, 1597.00
 1043.59, 1744.33
 1043.84, 1820.33
 1044.08, 1621.67
 1044.33, 1525.67
 1044.57, 1570.33
 1044.82, 1655.33
 1045.06, 1620.00
 1045.31, 1482.00
 1045.55, 1485.33
 1045.80, 1536.00
 1046.04, 1534.67
 1046.29, 1454.67
 1046.53, 1451.00
 1046.78, 1545.67
 1047.02, 1585.00
 1047.27, 1574.00
 1047.51, 1598.00
 1047.75, 1635.67
 1048.00, 1611.67
 1048.24, 1592.00
 1048.49, 1629.67
 1048.73, 1662.00
 1048.98, 1557.67
 1049.22, 1465.67
 1049.47, 1481.33
 1049.71, 1535.67
 1049.96, 1488.00
 1050.20, 1392.33
 1050.45, 1412.00
 1050.69, 1521.33
 1050.94, 1522.00
 1051.18, 1460.67
 1051.42, 1462.33
 1051.67, 1532.33
 1051.91, 1547.33
 1052.16, 1534.00
 1052.40, 1565.67
 1052.65, 1565.67
 1052.89, 1493.33
 1053.14, 1445.33
 1053.38, 1495.67
 1053.63, 1589.67
 1053.87, 1521.33
 1054.11, 1427.33
 1054.36, 1813.67
 1054.60, 2815.67
 1054.85, 2946.33
 1055.09, 2548.00
 1055.34, 1665.67
 1055.58, 1679.33
 1055.83, 1623.33
 1056.07, 1574.00
 1056.31, 1558.00
 1056.56, 1628.67
 1056.80, 1591.67
 1057.05, 1514.00
 1057.29, 1534.67
 1057.54, 1635.00
 1057.78, 1640.33
 1058.02, 1648.00
 1058.27, 1661.67
 1058.51, 1693.67
 1058.76, 1574.00
 1059.00, 1442.00
 1059.25, 1444.33
 1059.49, 1503.00
 1059.74, 1541.33
 1059.98, 1547.67
 1060.22, 1572.67
 1060.47, 1600.00
 1060.71, 1506.67
 1060.96, 1457.00
 1061.20, 1485.00
 1061.44, 1867.67
 1061.69, 2518.67
 1061.93, 2532.67
 1062.18, 2262.33
 1062.42, 1618.67
 1062.67, 1488.00
 1062.91, 1389.33
 1063.15, 1451.67
 1063.40, 1535.00
 1063.64, 1532.00
 1063.89, 1459.33
 1064.13, 1488.00
 1064.37, 1555.33
 1064.62, 1554.00
 1064.86, 1479.33
 1065.11, 1486.00
 1065.35, 1575.67
 1065.59, 1632.33
 1065.84, 1643.67
 1066.08, 1666.33
 1066.33, 1693.33
 1066.57, 1669.67
 1066.81, 1570.33
 1067.06, 1591.00
 1067.30, 1604.67
 1067.55, 1568.67
 1067.79, 1460.67
 1068.03, 1454.67
 1068.28, 1529.67
 1068.52, 1591.67
 1068.77, 1579.67
 1069.01, 1669.00
 1069.25, 1692.67
 1069.50, 1592.00
 1069.74, 1442.67
 1069.99, 1474.33
 1070.23, 1561.67
 1070.47, 1520.00
 1070.72, 1412.67
 1070.96, 1436.00
 1071.20, 1549.67
 1071.45, 1575.00
 1071.69, 1510.33
 1071.94, 1516.67
 1072.18, 1570.33
 1072.42, 1625.33
 1072.67, 1593.33
 1072.91, 1578.00
 1073.15, 1565.67
 1073.40, 1539.00
 1073.64, 1477.67
 1073.89, 1550.00
 1074.13, 1609.67
 1074.37, 1570.67
 1074.62, 1513.33
 1074.86, 1615.33
 1075.10, 1707.33
 1075.35, 1725.33
 1075.59, 1653.33
 1075.83, 1685.00
 1076.08, 1669.00
 1076.32, 1537.33
 1076.57, 1463.67
 1076.81, 1487.00
 1077.05, 1518.33
 1077.30, 1477.00
 1077.54, 1440.00
 1077.78, 1503.33
 1078.03, 1621.67
 1078.27, 1616.00
 1078.51, 1531.33
 1078.76, 1536.00
 1079.00, 1606.67
 1079.24, 1613.00
 1079.49, 1551.00
 1079.73, 1530.00
 1079.97, 1549.67
 1080.22, 1478.00
 1080.46, 1450.00
 1080.71, 1563.33
 1080.95, 1654.33
 1081.19, 1638.00
 1081.44, 1572.33
 1081.68, 1613.00
 1081.92, 1619.33
 1082.17, 1520.00
 1082.41, 1440.33
 1082.65, 1491.00
 1082.90, 1590.00
 1083.14, 1599.67
 1083.38, 1541.00
 1083.63, 1541.33
 1083.87, 1594.00
 1084.11, 1592.33
 1084.36, 1577.67
 1084.60, 1590.00
 1084.84, 1610.00
 1085.09, 1556.67
 1085.33, 1505.00
 1085.57, 1557.00
 1085.81, 1616.00
 1086.06, 1593.33
 1086.30, 1540.33
 1086.54, 1589.33
 1086.79, 1657.33
 1087.03, 1675.67
 1087.27, 1613.33
 1087.52, 1615.33
 1087.76, 1636.00
 1088.00, 1623.67
 1088.25, 1578.33
 1088.49, 1594.67
 1088.73, 1661.67
 1088.98, 1604.00
 1089.22, 1506.33
 1089.46, 1486.00
 1089.71, 1582.33
 1089.95, 1558.67
 1090.19, 1469.33
 1090.43, 1506.67
 1090.68, 1661.67
 1090.92, 1661.00
 1091.16, 1529.33
 1091.41, 1490.33
 1091.65, 1625.00
 1091.89, 1655.33
 1092.14, 1575.00
 1092.38, 1563.67
 1092.62, 1631.67
 1092.86, 1633.33
 1093.11, 1566.00
 1093.35, 1556.00
 1093.59, 1579.67
 1093.84, 1527.67
 1094.08, 1442.67
 1094.32, 1487.00
 1094.56, 1570.33
 1094.81, 1596.67
 1095.05, 1528.33
 1095.29, 1528.67
 1095.54, 1608.67
 1095.78, 1599.67
 1096.02, 1566.00
 1096.26, 1548.00
 1096.51, 1572.67
 1096.75, 1555.33
 1096.99, 1520.67
 1097.24, 1556.67
 1097.48, 1582.33
 1097.72, 1512.67
 1097.96, 1420.00
 1098.21, 1411.33
 1098.45, 1511.33
 1098.69, 1528.33
 1098.93, 1495.67
 1099.18, 1523.67
 1099.42, 1636.00
 1099.66, 1629.00
 1099.90, 1555.33
 1100.15, 1532.33
 1100.39, 1564.00
 1100.63, 1526.00
 1100.88, 1446.00
 1101.12, 1489.67
 1101.36, 1564.00
 1101.60, 1590.67
 1101.85, 1567.33
 1102.09, 1623.33
 1102.33, 1697.67
 1102.57, 1691.00
 1102.82, 1607.00
 1103.06, 1637.33
 1103.30, 1687.33
 1103.54, 1684.67
 1103.79, 1588.33
 1104.03, 1602.33
 1104.27, 1669.00
 1104.51, 1605.33
 1104.76, 1495.67
 1105.00, 1498.00
 1105.24, 1562.67
 1105.48, 1587.33
 1105.73, 1610.67
 1105.97, 1703.00
 1106.21, 1751.33
 1106.45, 1576.33
 1106.70, 1424.33
 1106.94, 1386.67
 1107.18, 1455.33
 1107.42, 1431.67
 1107.66, 1388.33
 1107.91, 1499.67
 1108.15, 1625.00
 1108.39, 1666.67
 1108.63, 1600.67
 1108.88, 1614.33
 1109.12, 1663.67
 1109.36, 1594.67
 1109.60, 1468.67
 1109.85, 1424.67
 1110.09, 1483.67
 1110.33, 1472.00
 1110.57, 1453.33
 1110.81, 1500.00
 1111.06, 1587.00
 1111.30, 1566.67
 1111.54, 1546.67
 1111.78, 1612.00
 1112.03, 1669.00
 1112.27, 1590.00
 1112.51, 1521.33
 1112.75, 1517.00
 1112.99, 1515.67
 1113.24, 1425.00
 1113.48, 1385.67
 1113.72, 1448.33
 1113.96, 1546.67
 1114.20, 1560.67
 1114.45, 1560.00
 1114.69, 1563.00
 1114.93, 1580.00
 1115.17, 1500.67
 1115.41, 1470.00
 1115.66, 1529.33
 1115.90, 1661.00
 1116.14, 1671.67
 1116.38, 1593.00
 1116.62, 1620.67
 1116.87, 1670.67
 1117.11, 1622.67
 1117.35, 1469.67
 1117.59, 1472.67
 1117.83, 1565.33
 1118.08, 1606.00
 1118.32, 1594.00
 1118.56, 1645.67
 1118.80, 1664.00
 1119.04, 1560.33
 1119.29, 1427.67
 1119.53, 1458.00
 1119.77, 1574.00
 1120.01, 1591.33
 1120.25, 1571.67
 1120.49, 1608.67
 1120.74, 1690.00
 1120.98, 1642.67
 1121.22, 1526.33
 1121.46, 1538.00
 1121.70, 1653.33
 1121.94, 1663.00
 1122.19, 1616.00
 1122.43, 1608.33
 1122.67, 1656.33
 1122.91, 1587.00
 1123.15, 1525.33
 1123.40, 1573.67
 1123.64, 1650.00
 1123.88, 1629.00
 1124.12, 1527.67
 1124.36, 1524.00
 1124.60, 1529.00
 1124.85, 1482.67
 1125.09, 1448.00
 1125.33, 1547.33
 1125.57, 1675.00
 1125.81, 1656.00
 1126.05, 1552.67
 1126.29, 1585.67
 1126.54, 1668.33
 1126.78, 1647.67
 1127.02, 1515.33
 1127.26, 1509.33
 1127.50, 1559.33
 1127.74, 1584.67
 1127.99, 1518.67
 1128.23, 1566.33
 1128.47, 1635.67
 1128.71, 1634.00
 1128.95, 1504.67
 1129.19, 1471.33
 1129.43, 1522.33
 1129.68, 1562.00
 1129.92, 1538.00
 1130.16, 1551.67
 1130.40, 1621.00
 1130.64, 1609.33
 1130.88, 1584.00
 1131.12, 1677.33
 1131.37, 1735.00
 1131.61, 1681.67
 1131.85, 1511.33
 1132.09, 1546.00
 1132.33, 1637.33
 1132.57, 1584.67
 1132.81, 1464.67
 1133.05, 1454.33
 1133.30, 1585.00
 1133.54, 1641.33
 1133.78, 1586.33
 1134.02, 1566.67
 1134.26, 1573.67
 1134.50, 1557.00
 1134.74, 1484.33
 1134.98, 1505.67
 1135.23, 1526.00
 1135.47, 1489.00
 1135.71, 1432.33
 1135.95, 1495.67
 1136.19, 1585.33
 1136.43, 1562.67
 1136.67, 1514.00
 1136.91, 1566.00
 1137.16, 1664.33
 1137.40, 1613.67
 1137.64, 1517.33
 1137.88, 1524.33
 1138.12, 1590.33
 1138.36, 1561.67
 1138.60, 1462.00
 1138.84, 1477.00
 1139.08, 1515.67
 1139.32, 1480.33
 1139.57, 1401.67
 1139.81, 1451.33
 1140.05, 1557.67
 1140.29, 1586.33
 1140.53, 1563.00
 1140.77, 1614.33
 1141.01, 1673.33
 1141.25, 1667.00
 1141.49, 1607.00
 1141.73, 1624.00
 1141.98, 1640.33
 1142.22, 1556.33
 1142.46, 1430.33
 1142.70, 1405.67
 1142.94, 1448.67
 1143.18, 1467.67
 1143.42, 1475.00
 1143.66, 1570.67
 1143.90, 1636.00
 1144.14, 1568.00
 1144.38, 1440.67
 1144.63, 1504.33
 1144.87, 1609.33
 1145.11, 1611.00
 1145.35, 1531.00
 1145.59, 1600.67
 1145.83, 1684.33
 1146.07, 1639.67
 1146.31, 1522.33
 1146.55, 1527.67
 1146.79, 1565.67
 1147.03, 1524.33
 1147.27, 1477.67
 1147.51, 1536.33
 1147.75, 1615.67
 1148.00, 1532.33
 1148.24, 1477.67
 1148.48, 1559.67
 1148.72, 1636.33
 1148.96, 1557.67
 1149.20, 1437.67
 1149.44, 1529.33
 1149.68, 1629.67
 1149.92, 1615.67
 1150.16, 1517.00
 1150.40, 1587.00
 1150.64, 1635.67
 1150.88, 1610.33
 1151.12, 1533.00
 1151.36, 1601.00
 1151.60, 1692.00
 1151.84, 1651.00
 1152.09, 1586.33
 1152.33, 1631.33
 1152.57, 1703.67
 1152.81, 1607.00
 1153.05, 1478.67
 1153.29, 1525.33
 1153.53, 1663.67
 1153.77, 1691.33
 1154.01, 1665.00
 1154.25, 1706.00
 1154.49, 1768.67
 1154.73, 1695.00
 1154.97, 1588.33
 1155.21, 1596.00
 1155.45, 1649.33
 1155.69, 1612.33
 1155.93, 1529.33
 1156.17, 1573.00
 1156.41, 1627.33
 1156.65, 1561.33
 1156.89, 1460.33
 1157.13, 1502.67
 1157.37, 1625.33
 1157.61, 1600.00
 1157.85, 1515.33
 1158.09, 1516.33
 1158.33, 1566.33
 1158.58, 1526.33
 1158.82, 1482.67
 1159.06, 1507.67
 1159.30, 1622.00
 1159.54, 1694.67
 1159.78, 1803.00
 1160.02, 1831.00
 1160.26, 1815.67
 1160.50, 1639.67
 1160.74, 1565.33
 1160.98, 1552.67
 1161.22, 1603.33
 1161.46, 1545.67
 1161.70, 1480.67
 1161.94, 1539.33
 1162.18, 1680.00
 1162.42, 1645.67
 1162.66, 1540.33
 1162.90, 1562.67
 1163.14, 1706.67
 1163.38, 1672.00
 1163.62, 1521.00
 1163.86, 1470.33
 1164.10, 1546.33
 1164.34, 1503.33
 1164.58, 1433.00
 1164.82, 1487.67
 1165.06, 1646.00
 1165.30, 1632.33
 1165.54, 1541.33
 1165.78, 1537.67
 1166.02, 1596.33
 1166.26, 1561.33
 1166.50, 1491.67
 1166.74, 1563.67
 1166.98, 1642.67
 1167.22, 1592.00
 1167.46, 1497.00
 1167.70, 1537.00
 1167.94, 1639.00
 1168.18, 1641.00
 1168.42, 1583.67
 1168.66, 1647.33
 1168.90, 1703.67
 1169.14, 1661.67
 1169.38, 1543.00
 1169.61, 1592.00
 1169.85, 1686.33
 1170.09, 1635.33
 1170.33, 1547.67
 1170.57, 1605.33
 1170.81, 1751.33
 1171.05, 1711.67
 1171.29, 1601.33
 1171.53, 1599.67
 1171.77, 1696.00
 1172.01, 1641.00
 1172.25, 1517.00
 1172.49, 1542.33
 1172.73, 1646.67
 1172.97, 1670.33
 1173.21, 1571.00
 1173.45, 1613.33
 1173.69, 1665.67
 1173.93, 1644.67
 1174.17, 1549.00
 1174.41, 1575.33
 1174.65, 1645.33
 1174.89, 1568.00
 1175.13, 1448.67
 1175.37, 1478.00
 1175.61, 1624.33
 1175.85, 1611.67
 1176.08, 1556.67
 1176.32, 1619.67
 1176.56, 1735.00
 1176.80, 1681.00
 1177.04, 1571.33
 1177.28, 1634.33
 1177.52, 1730.00
 1177.76, 1714.33
 1178.00, 1609.33
 1178.24, 1646.33
 1178.48, 1709.67
 1178.72, 1641.33
 1178.96, 1503.67
 1179.20, 1530.33
 1179.44, 1657.00
 1179.68, 1674.67
 1179.92, 1594.00
 1180.15, 1629.33
 1180.39, 1734.00
 1180.63, 1698.00
 1180.87, 1644.00
 1181.11, 1724.33
 1181.35, 1856.67
 1181.59, 1757.33
 1181.83, 1591.00
 1182.07, 1539.67
 1182.31, 1600.67
 1182.55, 1524.33
 1182.79, 1443.67
 1183.03, 1510.33
 1183.26, 1661.67
 1183.50, 1640.33
 1183.74, 1552.33
 1183.98, 1573.00
 1184.22, 1702.33
 1184.46, 1717.33
 1184.70, 1637.67
 1184.94, 1609.33
 1185.18, 1619.67
 1185.42, 1528.00
 1185.66, 1405.33
 1185.89, 1448.00
 1186.13, 1579.33
 1186.37, 1560.33
 1186.61, 1471.67
 1186.85, 1498.00
 1187.09, 1599.33
 1187.33, 1559.33
 1187.57, 1476.33
 1187.81, 1533.67
 1188.05, 1628.67
 1188.29, 1551.67
 1188.52, 1433.33
 1188.76, 1467.00
 1189.00, 1560.67
 1189.24, 1532.00
 1189.48, 1455.67
 1189.72, 1514.33
 1189.96, 1610.00
 1190.20, 1527.67
 1190.44, 1440.33
 1190.67, 1490.33
 1190.91, 1603.00
 1191.15, 1529.00
 1191.39, 1407.33
 1191.63, 1432.33
 1191.87, 1531.00
 1192.11, 1519.00
 1192.35, 1494.00
 1192.58, 1590.00
 1192.82, 1677.33
 1193.06, 1606.00
 1193.30, 1537.33
 1193.54, 1640.00
 1193.78, 1766.67
 1194.02, 1727.67
 1194.26, 1578.67
 1194.49, 1571.00
 1194.73, 1613.67
 1194.97, 1559.67
 1195.21, 1465.00
 1195.45, 1495.33
 1195.69, 1609.00
 1195.93, 1574.00
 1196.17, 1480.67
 1196.40, 1524.67
 1196.64, 1661.33
 1196.88, 1692.00
 1197.12, 1567.67
 1197.36, 1550.00
 1197.60, 1585.00
 1197.84, 1644.00
 1198.07, 1624.00
 1198.31, 1682.33
 1198.55, 1677.00
 1198.79, 1581.33
 1199.03, 1489.33
 1199.27, 1515.33
 1199.51, 1594.00
 1199.74, 1559.33
 1199.98, 1488.00
 1200.22, 1579.00
 1200.46, 1684.33
 1200.70, 1647.67
 1200.94, 1580.00
 1201.17, 1624.33
 1201.41, 1744.00
 1201.65, 1689.67
 1201.89, 1548.33
 1202.13, 1560.67
 1202.37, 1597.33
 1202.60, 1604.00
 1202.84, 1508.67
 1203.08, 1559.67
 1203.32, 1586.33
 1203.56, 1553.67
 1203.80, 1502.67
 1204.03, 1562.33
 1204.27, 1625.67
 1204.51, 1533.67
 1204.75, 1412.00
 1204.99, 1481.67
 1205.23, 1581.67
 1205.46, 1549.00
 1205.70, 1435.00
 1205.94, 1461.67
 1206.18, 1597.33
 1206.42, 1592.33
 1206.65, 1530.33
 1206.89, 1534.00
 1207.13, 1621.00
 1207.37, 1593.33
 1207.61, 1531.00
 1207.85, 1534.67
 1208.08, 1602.67
 1208.32, 1575.00
 1208.56, 1483.33
 1208.80, 1483.67
 1209.04, 1522.67
 1209.27, 1490.67
 1209.51, 1451.00
 1209.75, 1531.00
 1209.99, 1592.67
 1210.23, 1502.00
 1210.46, 1397.33
 1210.70, 1479.67
 1210.94, 1553.67
 1211.18, 1489.67
 1211.42, 1493.00
 1211.65, 1756.00
 1211.89, 1900.67
 1212.13, 1814.33
 1212.37, 1552.67
 1212.61, 1566.00
 1212.84, 1609.33
 1213.08, 1559.67
 1213.32, 1444.67
 1213.56, 1493.67
 1213.80, 1610.33
 1214.03, 1625.00
 1214.27, 1564.33
 1214.51, 1657.33
 1214.75, 1759.00
 1214.98, 1705.33
 1215.22, 1528.33
 1215.46, 1520.67
 1215.70, 1574.33
 1215.94, 1574.67
 1216.17, 1477.67
 1216.41, 1542.00
 1216.65, 1659.00
 1216.89, 1619.67
 1217.12, 1508.67
 1217.36, 1541.33
 1217.60, 1693.67
 1217.84, 1741.67
 1218.08, 1756.00
 1218.31, 1812.00
 1218.55, 1823.33
 1218.79, 1622.00
 1219.03, 1442.33
 1219.26, 1469.00
 1219.50, 1594.33
 1219.74, 1566.33
 1219.98, 1485.00
 1220.21, 1512.00
 1220.45, 1641.33
 1220.69, 1692.33
 1220.93, 1677.00
 1221.16, 1679.33
 1221.40, 1727.67
 1221.64, 1680.00
 1221.88, 1610.00
 1222.11, 1633.67
 1222.35, 1820.00
